Quarantine_ID,Table,Record_ID,Reason,Raw_Record_JSON
Q-0001,projects_raw,PRJ3-00134,Snapshot_Data_Completeness_Pct outside 0-1,"{""Actual_Percent_Complete"": ""0.4092"", ""CPI_Snapshot"": ""0.9882"", ""Client_Type"": ""Private"", ""Complexity_Level"": ""Moderate"", ""Contract_Type"": ""Cost Plus"", ""Cost_Variance_Pct_Snapshot"": ""0.0092"", ""Delivery_Method"": ""IPD"", ""Digital_Coordination_Level"": ""Moderate"", ""Labor_Productivity_Index"": ""1.0055"", ""Original_Budget"": ""261846800"", ""Owner_Decision_Profile"": ""Standard"", ""Planned_Duration_Days"": ""1005"", ""Planned_Percent_Complete"": ""0.412"", ""Procurement_Delay_Days_to_Date"": ""11"", ""Project_ID"": ""PRJ3-00134"", ""Project_Name"": ""Redwood Transit-Oriented Development 134"", ""Project_Type"": ""Mixed-Use"", ""Region"": ""Southwest"", ""SPI_Snapshot"": ""0.9525"", ""Safety_Incident_Rate_to_Date"": ""0.637"", ""Schedule_Variance_Days_Snapshot"": ""3"", ""Snapshot_Data_Completeness_Pct"": ""-0.9542"", ""Snapshot_Date"": ""2023-07-12"", ""Snapshot_Year"": ""2023"", ""Start_Date"": ""2022-05-24"", ""State"": ""NM"", ""Weather_Impact_Days_to_Date"": ""2""}"
Q-0002,projects_raw,PRJ3-00148,Missing critical field Labor_Productivity_Index,"{""Actual_Percent_Complete"": ""0.3487"", ""CPI_Snapshot"": ""0.8368"", ""Client_Type"": ""Public"", ""Complexity_Level"": ""High"", ""Contract_Type"": ""Unit Price"", ""Cost_Variance_Pct_Snapshot"": ""0.0772"", ""Delivery_Method"": ""Design-Build"", ""Digital_Coordination_Level"": ""Low"", ""Labor_Productivity_Index"": """", ""Original_Budget"": ""410815600"", ""Owner_Decision_Profile"": ""Slow"", ""Planned_Duration_Days"": ""1014"", ""Planned_Percent_Complete"": ""0.405"", ""Procurement_Delay_Days_to_Date"": ""25"", ""Project_ID"": ""PRJ3-00148"", ""Project_Name"": ""Horizon Utility Corridor 148"", ""Project_Type"": ""Infrastructure"", ""Region"": ""Southeast"", ""SPI_Snapshot"": ""0.8681"", ""Safety_Incident_Rate_to_Date"": ""0.671"", ""Schedule_Variance_Days_Snapshot"": ""57"", ""Snapshot_Data_Completeness_Pct"": ""0.9589"", ""Snapshot_Date"": ""2023-07-06"", ""Snapshot_Year"": ""2023"", ""Start_Date"": ""2022-05-22"", ""State"": ""NC"", ""Weather_Impact_Days_to_Date"": ""21""}"
Q-0003,projects_raw,PRJ3-00432,Missing critical field SPI_Snapshot,"{""Actual_Percent_Complete"": ""0.371"", ""CPI_Snapshot"": ""0.9689"", ""Client_Type"": ""Public-Private Partnership"", ""Complexity_Level"": ""Moderate"", ""Contract_Type"": ""Guaranteed Maximum Price"", ""Cost_Variance_Pct_Snapshot"": ""0.017"", ""Delivery_Method"": ""Design-Build"", ""Digital_Coordination_Level"": ""Low"", ""Labor_Productivity_Index"": ""0.8002"", ""Original_Budget"": ""208624100"", ""Owner_Decision_Profile"": ""Slow"", ""Planned_Duration_Days"": ""964"", ""Planned_Percent_Complete"": ""0.423"", ""Procurement_Delay_Days_to_Date"": ""28"", ""Project_ID"": ""PRJ3-00432"", ""Project_Name"": ""Gateway Logistics Center 432"", ""Project_Type"": ""Industrial"", ""Region"": ""Southeast"", ""SPI_Snapshot"": """", ""Safety_Incident_Rate_to_Date"": ""0.746"", ""Schedule_Variance_Days_Snapshot"": ""50"", ""Snapshot_Data_Completeness_Pct"": ""0.9562"", ""Snapshot_Date"": ""2022-12-28"", ""Snapshot_Year"": ""2022"", ""Start_Date"": ""2021-11-16"", ""State"": ""FL"", ""Weather_Impact_Days_to_Date"": ""15""}"
Q-0004,projects_raw,PRJ3-00745,Snapshot_Date before Start_Date,"{""Actual_Percent_Complete"": ""0.4705"", ""CPI_Snapshot"": ""0.9014"", ""Client_Type"": ""Private"", ""Complexity_Level"": ""High"", ""Contract_Type"": ""Guaranteed Maximum Price"", ""Cost_Variance_Pct_Snapshot"": ""0.0614"", ""Delivery_Method"": ""CMAR"", ""Digital_Coordination_Level"": ""Moderate"", ""Labor_Productivity_Index"": ""0.9386"", ""Original_Budget"": ""128545100"", ""Owner_Decision_Profile"": ""Slow"", ""Planned_Duration_Days"": ""876"", ""Planned_Percent_Complete"": ""0.535"", ""Procurement_Delay_Days_to_Date"": ""30"", ""Project_ID"": ""PRJ3-00745"", ""Project_Name"": ""Cedar Medical Center 745"", ""Project_Type"": ""Institutional"", ""Region"": ""Northeast"", ""SPI_Snapshot"": ""0.8701"", ""Safety_Incident_Rate_to_Date"": ""0.437"", ""Schedule_Variance_Days_Snapshot"": ""57"", ""Snapshot_Data_Completeness_Pct"": ""0.9621"", ""Snapshot_Date"": ""2021-03-08"", ""Snapshot_Year"": ""2022"", ""Start_Date"": ""2022-06-19"", ""State"": ""PA"", ""Weather_Impact_Days_to_Date"": ""19""}"
Q-0005,projects_raw,PRJ3-00911,Original_Budget must be positive,"{""Actual_Percent_Complete"": ""0.35"", ""CPI_Snapshot"": ""0.9441"", ""Client_Type"": ""Public"", ""Complexity_Level"": ""High"", ""Contract_Type"": ""Unit Price"", ""Cost_Variance_Pct_Snapshot"": ""0.0223"", ""Delivery_Method"": ""CMAR"", ""Digital_Coordination_Level"": ""Moderate"", ""Labor_Productivity_Index"": ""0.9009"", ""Original_Budget"": ""-293198300.0"", ""Owner_Decision_Profile"": ""Standard"", ""Planned_Duration_Days"": ""956"", ""Planned_Percent_Complete"": ""0.36"", ""Procurement_Delay_Days_to_Date"": ""2"", ""Project_ID"": ""PRJ3-00911"", ""Project_Name"": ""Crescent Manufacturing Facility 911"", ""Project_Type"": ""Industrial"", ""Region"": ""Mountain"", ""SPI_Snapshot"": ""0.9599"", ""Safety_Incident_Rate_to_Date"": ""0.663"", ""Schedule_Variance_Days_Snapshot"": ""10"", ""Snapshot_Data_Completeness_Pct"": ""0.9742"", ""Snapshot_Date"": ""2024-01-27"", ""Snapshot_Year"": ""2024"", ""Start_Date"": ""2023-02-17"", ""State"": ""ID"", ""Weather_Impact_Days_to_Date"": ""10""}"
Q-0006,projects_raw,PRJ3-00973,Missing critical field CPI_Snapshot,"{""Actual_Percent_Complete"": ""0.372"", ""CPI_Snapshot"": """", ""Client_Type"": ""Private"", ""Complexity_Level"": ""Very High"", ""Contract_Type"": ""Lump Sum"", ""Cost_Variance_Pct_Snapshot"": ""0.0537"", ""Delivery_Method"": ""Design-Bid-Build"", ""Digital_Coordination_Level"": ""Low"", ""Labor_Productivity_Index"": ""0.9329"", ""Original_Budget"": ""191677000"", ""Owner_Decision_Profile"": ""Standard"", ""Planned_Duration_Days"": ""889"", ""Planned_Percent_Complete"": ""0.434"", ""Procurement_Delay_Days_to_Date"": ""38"", ""Project_ID"": ""PRJ3-00973"", ""Project_Name"": ""Copper Urban Village 973"", ""Project_Type"": ""Mixed-Use"", ""Region"": ""Midwest"", ""SPI_Snapshot"": ""0.9114"", ""Safety_Incident_Rate_to_Date"": ""0.89"", ""Schedule_Variance_Days_Snapshot"": ""55"", ""Snapshot_Data_Completeness_Pct"": ""0.9579"", ""Snapshot_Date"": ""2021-06-28"", ""Snapshot_Year"": ""2021"", ""Start_Date"": ""2020-06-08"", ""State"": ""IL"", ""Weather_Impact_Days_to_Date"": ""18""}"
Q-0007,projects_raw,PRJ3-01015,Snapshot_Date before Start_Date,"{""Actual_Percent_Complete"": ""0.5411"", ""CPI_Snapshot"": ""0.8429"", ""Client_Type"": ""Private"", ""Complexity_Level"": ""Moderate"", ""Contract_Type"": ""Cost Plus"", ""Cost_Variance_Pct_Snapshot"": ""0.1078"", ""Delivery_Method"": ""Design-Bid-Build"", ""Digital_Coordination_Level"": ""Low"", ""Labor_Productivity_Index"": ""0.941"", ""Original_Budget"": ""103469000"", ""Owner_Decision_Profile"": ""Standard"", ""Planned_Duration_Days"": ""1094"", ""Planned_Percent_Complete"": ""0.586"", ""Procurement_Delay_Days_to_Date"": ""35"", ""Project_ID"": ""PRJ3-01015"", ""Project_Name"": ""Aspen Highway Improvements 1015"", ""Project_Type"": ""Heavy Civil"", ""Region"": ""West"", ""SPI_Snapshot"": ""0.888"", ""Safety_Incident_Rate_to_Date"": ""0.383"", ""Schedule_Variance_Days_Snapshot"": ""49"", ""Snapshot_Data_Completeness_Pct"": ""0.9398"", ""Snapshot_Date"": ""2022-01-23"", ""Snapshot_Year"": ""2023"", ""Start_Date"": ""2023-10-26"", ""State"": ""CA"", ""Weather_Impact_Days_to_Date"": ""3""}"
Q-0008,projects_raw,PRJ3-01192,Missing critical field Labor_Productivity_Index,"{""Actual_Percent_Complete"": ""0.4608"", ""CPI_Snapshot"": ""0.9523"", ""Client_Type"": ""Public"", ""Complexity_Level"": ""Moderate"", ""Contract_Type"": ""Cost Plus"", ""Cost_Variance_Pct_Snapshot"": ""0.0279"", ""Delivery_Method"": ""Design-Build"", ""Digital_Coordination_Level"": ""High"", ""Labor_Productivity_Index"": """", ""Original_Budget"": ""89897000"", ""Owner_Decision_Profile"": ""Slow"", ""Planned_Duration_Days"": ""632"", ""Planned_Percent_Complete"": ""0.437"", ""Procurement_Delay_Days_to_Date"": ""13"", ""Project_ID"": ""PRJ3-01192"", ""Project_Name"": ""Riverside Apartments 1192"", ""Project_Type"": ""Residential"", ""Region"": ""Mountain"", ""SPI_Snapshot"": ""1.1014"", ""Safety_Incident_Rate_to_Date"": ""0.557"", ""Schedule_Variance_Days_Snapshot"": ""-15"", ""Snapshot_Data_Completeness_Pct"": ""0.9629"", ""Snapshot_Date"": ""2024-09-15"", ""Snapshot_Year"": ""2024"", ""Start_Date"": ""2023-12-14"", ""State"": ""UT"", ""Weather_Impact_Days_to_Date"": ""20""}"
Q-0009,projects_raw,PRJ3-01294,Snapshot_Date before Start_Date,"{""Actual_Percent_Complete"": ""0.4164"", ""CPI_Snapshot"": ""0.9401"", ""Client_Type"": ""Private"", ""Complexity_Level"": ""High"", ""Contract_Type"": ""Unit Price"", ""Cost_Variance_Pct_Snapshot"": ""0.0066"", ""Delivery_Method"": ""CMAR"", ""Digital_Coordination_Level"": ""High"", ""Labor_Productivity_Index"": ""0.9712"", ""Original_Budget"": ""172620600"", ""Owner_Decision_Profile"": ""Slow"", ""Planned_Duration_Days"": ""863"", ""Planned_Percent_Complete"": ""0.439"", ""Procurement_Delay_Days_to_Date"": ""18"", ""Project_ID"": ""PRJ3-01294"", ""Project_Name"": ""Evergreen Distribution Hub 1294"", ""Project_Type"": ""Industrial"", ""Region"": ""Southwest"", ""SPI_Snapshot"": ""0.9632"", ""Safety_Incident_Rate_to_Date"": ""0.378"", ""Schedule_Variance_Days_Snapshot"": ""19"", ""Snapshot_Data_Completeness_Pct"": ""0.9551"", ""Snapshot_Date"": ""2018-08-06"", ""Snapshot_Year"": ""2019"", ""Start_Date"": ""2019-08-19"", ""State"": ""AZ"", ""Weather_Impact_Days_to_Date"": ""8""}"
Q-0010,projects_raw,PRJ3-01356,Snapshot_Date before Start_Date,"{""Actual_Percent_Complete"": ""0.545"", ""CPI_Snapshot"": ""0.795"", ""Client_Type"": ""Public"", ""Complexity_Level"": ""Very High"", ""Contract_Type"": ""Lump Sum"", ""Cost_Variance_Pct_Snapshot"": ""0.1411"", ""Delivery_Method"": ""Design-Bid-Build"", ""Digital_Coordination_Level"": ""Moderate"", ""Labor_Productivity_Index"": ""0.8686"", ""Original_Budget"": ""39027700"", ""Owner_Decision_Profile"": ""Standard"", ""Planned_Duration_Days"": ""809"", ""Planned_Percent_Complete"": ""0.578"", ""Procurement_Delay_Days_to_Date"": ""25"", ""Project_ID"": ""PRJ3-01356"", ""Project_Name"": ""Summit Apartments 1356"", ""Project_Type"": ""Residential"", ""Region"": ""Mountain"", ""SPI_Snapshot"": ""0.939"", ""Safety_Incident_Rate_to_Date"": ""0.348"", ""Schedule_Variance_Days_Snapshot"": ""27"", ""Snapshot_Data_Completeness_Pct"": ""0.9449"", ""Snapshot_Date"": ""2019-07-18"", ""Snapshot_Year"": ""2020"", ""Start_Date"": ""2020-10-27"", ""State"": ""MT"", ""Weather_Impact_Days_to_Date"": ""23""}"
Q-0011,projects_raw,PRJ3-01396,Snapshot_Data_Completeness_Pct outside 0-1,"{""Actual_Percent_Complete"": ""0.4542"", ""CPI_Snapshot"": ""0.8854"", ""Client_Type"": ""Private"", ""Complexity_Level"": ""Very High"", ""Contract_Type"": ""Guaranteed Maximum Price"", ""Cost_Variance_Pct_Snapshot"": ""0.0563"", ""Delivery_Method"": ""CMAR"", ""Digital_Coordination_Level"": ""Low"", ""Labor_Productivity_Index"": ""0.8105"", ""Original_Budget"": ""139999200"", ""Owner_Decision_Profile"": ""Standard"", ""Planned_Duration_Days"": ""933"", ""Planned_Percent_Complete"": ""0.535"", ""Procurement_Delay_Days_to_Date"": ""20"", ""Project_ID"": ""PRJ3-01396"", ""Project_Name"": ""Cedar Process Plant 1396"", ""Project_Type"": ""Industrial"", ""Region"": ""West"", ""SPI_Snapshot"": ""0.8887"", ""Safety_Incident_Rate_to_Date"": ""0.758"", ""Schedule_Variance_Days_Snapshot"": ""75"", ""Snapshot_Data_Completeness_Pct"": ""-0.9515"", ""Snapshot_Date"": ""2023-12-22"", ""Snapshot_Year"": ""2023"", ""Start_Date"": ""2022-08-10"", ""State"": ""CA"", ""Weather_Impact_Days_to_Date"": ""0""}"
Q-0012,projects_raw,PRJ3-01449,Snapshot_Data_Completeness_Pct outside 0-1,"{""Actual_Percent_Complete"": ""0.3713"", ""CPI_Snapshot"": ""0.8782"", ""Client_Type"": ""Public-Private Partnership"", ""Complexity_Level"": ""Very High"", ""Contract_Type"": ""Unit Price"", ""Cost_Variance_Pct_Snapshot"": ""0.0609"", ""Delivery_Method"": ""CMAR"", ""Digital_Coordination_Level"": ""Low"", ""Labor_Productivity_Index"": ""0.8951"", ""Original_Budget"": ""25613900"", ""Owner_Decision_Profile"": ""Standard"", ""Planned_Duration_Days"": ""731"", ""Planned_Percent_Complete"": ""0.428"", ""Procurement_Delay_Days_to_Date"": ""35"", ""Project_ID"": ""PRJ3-01449"", ""Project_Name"": ""Harbor Residences 1449"", ""Project_Type"": ""Residential"", ""Region"": ""Southeast"", ""SPI_Snapshot"": ""0.8828"", ""Safety_Incident_Rate_to_Date"": ""1.229"", ""Schedule_Variance_Days_Snapshot"": ""41"", ""Snapshot_Data_Completeness_Pct"": ""-0.9345"", ""Snapshot_Date"": ""2022-12-18"", ""Snapshot_Year"": ""2022"", ""Start_Date"": ""2022-02-09"", ""State"": ""GA"", ""Weather_Impact_Days_to_Date"": ""29""}"
Q-0013,projects_raw,PRJ3-01597,Snapshot_Date before Start_Date,"{""Actual_Percent_Complete"": ""0.4959"", ""CPI_Snapshot"": ""1.0265"", ""Client_Type"": ""Private"", ""Complexity_Level"": ""Low"", ""Contract_Type"": ""Guaranteed Maximum Price"", ""Cost_Variance_Pct_Snapshot"": ""-0.0079"", ""Delivery_Method"": ""Design-Bid-Build"", ""Digital_Coordination_Level"": ""Moderate"", ""Labor_Productivity_Index"": ""1.0616"", ""Original_Budget"": ""23417500"", ""Owner_Decision_Profile"": ""Standard"", ""Planned_Duration_Days"": ""509"", ""Planned_Percent_Complete"": ""0.54"", ""Procurement_Delay_Days_to_Date"": ""14"", ""Project_ID"": ""PRJ3-01597"", ""Project_Name"": ""Pioneer Residences 1597"", ""Project_Type"": ""Residential"", ""Region"": ""Southeast"", ""SPI_Snapshot"": ""0.9747"", ""Safety_Incident_Rate_to_Date"": ""0.562"", ""Schedule_Variance_Days_Snapshot"": ""22"", ""Snapshot_Data_Completeness_Pct"": ""0.9613"", ""Snapshot_Date"": ""2024-07-12"", ""Snapshot_Year"": ""2025"", ""Start_Date"": ""2025-04-12"", ""State"": ""VA"", ""Weather_Impact_Days_to_Date"": ""15""}"
Q-0014,projects_raw,PRJ3-01703,Missing critical field Labor_Productivity_Index,"{""Actual_Percent_Complete"": ""0.4298"", ""CPI_Snapshot"": ""0.9864"", ""Client_Type"": ""Private"", ""Complexity_Level"": ""Very High"", ""Contract_Type"": ""Lump Sum"", ""Cost_Variance_Pct_Snapshot"": ""0.049"", ""Delivery_Method"": ""Design-Bid-Build"", ""Digital_Coordination_Level"": ""Low"", ""Labor_Productivity_Index"": """", ""Original_Budget"": ""231360800"", ""Owner_Decision_Profile"": ""Standard"", ""Planned_Duration_Days"": ""1033"", ""Planned_Percent_Complete"": ""0.462"", ""Procurement_Delay_Days_to_Date"": ""29"", ""Project_ID"": ""PRJ3-01703"", ""Project_Name"": ""Cedar Highway Improvements 1703"", ""Project_Type"": ""Heavy Civil"", ""Region"": ""West"", ""SPI_Snapshot"": ""0.8973"", ""Safety_Incident_Rate_to_Date"": ""1.068"", ""Schedule_Variance_Days_Snapshot"": ""33"", ""Snapshot_Data_Completeness_Pct"": ""0.9425"", ""Snapshot_Date"": ""2019-01-25"", ""Snapshot_Year"": ""2019"", ""Start_Date"": ""2017-10-05"", ""State"": ""NV"", ""Weather_Impact_Days_to_Date"": ""7""}"
Q-0015,projects_raw,PRJ3-01803,Missing critical field CPI_Snapshot,"{""Actual_Percent_Complete"": ""0.5287"", ""CPI_Snapshot"": """", ""Client_Type"": ""Public"", ""Complexity_Level"": ""Very High"", ""Contract_Type"": ""Guaranteed Maximum Price"", ""Cost_Variance_Pct_Snapshot"": ""0.1061"", ""Delivery_Method"": ""Design-Build"", ""Digital_Coordination_Level"": ""High"", ""Labor_Productivity_Index"": ""0.8939"", ""Original_Budget"": ""127234100"", ""Owner_Decision_Profile"": ""Slow"", ""Planned_Duration_Days"": ""1050"", ""Planned_Percent_Complete"": ""0.505"", ""Procurement_Delay_Days_to_Date"": ""23"", ""Project_ID"": ""PRJ3-01803"", ""Project_Name"": ""Lakeview District 1803"", ""Project_Type"": ""Mixed-Use"", ""Region"": ""Midwest"", ""SPI_Snapshot"": ""1.0217"", ""Safety_Incident_Rate_to_Date"": ""0.852"", ""Schedule_Variance_Days_Snapshot"": ""-25"", ""Snapshot_Data_Completeness_Pct"": ""0.9572"", ""Snapshot_Date"": ""2025-05-15"", ""Snapshot_Year"": ""2025"", ""Start_Date"": ""2023-12-02"", ""State"": ""OH"", ""Weather_Impact_Days_to_Date"": ""22""}"
Q-0016,projects_raw,PRJ3-01850,Snapshot_Data_Completeness_Pct outside 0-1,"{""Actual_Percent_Complete"": ""0.4696"", ""CPI_Snapshot"": ""0.8986"", ""Client_Type"": ""Public"", ""Complexity_Level"": ""Moderate"", ""Contract_Type"": ""Guaranteed Maximum Price"", ""Cost_Variance_Pct_Snapshot"": ""0.0552"", ""Delivery_Method"": ""IPD"", ""Digital_Coordination_Level"": ""Low"", ""Labor_Productivity_Index"": ""0.9602"", ""Original_Budget"": ""32793100"", ""Owner_Decision_Profile"": ""Standard"", ""Planned_Duration_Days"": ""361"", ""Planned_Percent_Complete"": ""0.447"", ""Procurement_Delay_Days_to_Date"": ""0"", ""Project_ID"": ""PRJ3-01850"", ""Project_Name"": ""Riverside Apartments 1850"", ""Project_Type"": ""Residential"", ""Region"": ""Mountain"", ""SPI_Snapshot"": ""1.0082"", ""Safety_Incident_Rate_to_Date"": ""0.662"", ""Schedule_Variance_Days_Snapshot"": ""-8"", ""Snapshot_Data_Completeness_Pct"": ""-0.9732"", ""Snapshot_Date"": ""2023-09-28"", ""Snapshot_Year"": ""2023"", ""Start_Date"": ""2023-04-20"", ""State"": ""WY"", ""Weather_Impact_Days_to_Date"": ""11""}"
Q-0017,projects_raw,PRJ3-01862,Missing critical field SPI_Snapshot,"{""Actual_Percent_Complete"": ""0.6418"", ""CPI_Snapshot"": ""0.9853"", ""Client_Type"": ""Public"", ""Complexity_Level"": ""Moderate"", ""Contract_Type"": ""Lump Sum"", ""Cost_Variance_Pct_Snapshot"": ""0.0072"", ""Delivery_Method"": ""Design-Build"", ""Digital_Coordination_Level"": ""Moderate"", ""Labor_Productivity_Index"": ""0.9635"", ""Original_Budget"": ""39065000"", ""Owner_Decision_Profile"": ""Standard"", ""Planned_Duration_Days"": ""717"", ""Planned_Percent_Complete"": ""0.557"", ""Procurement_Delay_Days_to_Date"": ""15"", ""Project_ID"": ""PRJ3-01862"", ""Project_Name"": ""Copper Apartments 1862"", ""Project_Type"": ""Residential"", ""Region"": ""Mountain"", ""SPI_Snapshot"": """", ""Safety_Incident_Rate_to_Date"": ""0.798"", ""Schedule_Variance_Days_Snapshot"": ""-61"", ""Snapshot_Data_Completeness_Pct"": ""0.965"", ""Snapshot_Date"": ""2022-04-23"", ""Snapshot_Year"": ""2022"", ""Start_Date"": ""2021-03-20"", ""State"": ""ID"", ""Weather_Impact_Days_to_Date"": ""25""}"
Q-0018,projects_raw,PRJ3-01974,Missing critical field Labor_Productivity_Index,"{""Actual_Percent_Complete"": ""0.4502"", ""CPI_Snapshot"": ""0.9648"", ""Client_Type"": ""Private"", ""Complexity_Level"": ""High"", ""Contract_Type"": ""Unit Price"", ""Cost_Variance_Pct_Snapshot"": ""0.0152"", ""Delivery_Method"": ""CMAR"", ""Digital_Coordination_Level"": ""Moderate"", ""Labor_Productivity_Index"": """", ""Original_Budget"": ""420534600"", ""Owner_Decision_Profile"": ""Standard"", ""Planned_Duration_Days"": ""1201"", ""Planned_Percent_Complete"": ""0.527"", ""Procurement_Delay_Days_to_Date"": ""10"", ""Project_ID"": ""PRJ3-01974"", ""Project_Name"": ""Cedar Water Program 1974"", ""Project_Type"": ""Heavy Civil"", ""Region"": ""Southeast"", ""SPI_Snapshot"": ""0.8735"", ""Safety_Incident_Rate_to_Date"": ""0.748"", ""Schedule_Variance_Days_Snapshot"": ""92"", ""Snapshot_Data_Completeness_Pct"": ""0.9601"", ""Snapshot_Date"": ""2025-01-16"", ""Snapshot_Year"": ""2025"", ""Start_Date"": ""2023-04-25"", ""State"": ""FL"", ""Weather_Impact_Days_to_Date"": ""24""}"
Q-0019,projects_raw,PRJ3-02078,Snapshot_Data_Completeness_Pct outside 0-1,"{""Actual_Percent_Complete"": ""0.3784"", ""CPI_Snapshot"": ""0.9365"", ""Client_Type"": ""Private"", ""Complexity_Level"": ""Very High"", ""Contract_Type"": ""Lump Sum"", ""Cost_Variance_Pct_Snapshot"": ""0.019"", ""Delivery_Method"": ""Design-Bid-Build"", ""Digital_Coordination_Level"": ""High"", ""Labor_Productivity_Index"": ""1.0023"", ""Original_Budget"": ""87797500"", ""Owner_Decision_Profile"": ""Fast"", ""Planned_Duration_Days"": ""1153"", ""Planned_Percent_Complete"": ""0.405"", ""Procurement_Delay_Days_to_Date"": ""0"", ""Project_ID"": ""PRJ3-02078"", ""Project_Name"": ""Cedar Transit-Oriented Development 2078"", ""Project_Type"": ""Mixed-Use"", ""Region"": ""Southeast"", ""SPI_Snapshot"": ""0.9499"", ""Safety_Incident_Rate_to_Date"": ""0.714"", ""Schedule_Variance_Days_Snapshot"": ""31"", ""Snapshot_Data_Completeness_Pct"": ""-0.9772"", ""Snapshot_Date"": ""2019-07-23"", ""Snapshot_Year"": ""2019"", ""Start_Date"": ""2018-04-13"", ""State"": ""GA"", ""Weather_Impact_Days_to_Date"": ""9""}"
Q-0020,projects_raw,PRJ3-02158,Snapshot_Date before Start_Date,"{""Actual_Percent_Complete"": ""0.4263"", ""CPI_Snapshot"": ""0.9459"", ""Client_Type"": ""Public"", ""Complexity_Level"": ""Moderate"", ""Contract_Type"": ""Cost Plus"", ""Cost_Variance_Pct_Snapshot"": ""0.0156"", ""Delivery_Method"": ""Design-Bid-Build"", ""Digital_Coordination_Level"": ""Moderate"", ""Labor_Productivity_Index"": ""0.9937"", ""Original_Budget"": ""133337700"", ""Owner_Decision_Profile"": ""Standard"", ""Planned_Duration_Days"": ""488"", ""Planned_Percent_Complete"": ""0.479"", ""Procurement_Delay_Days_to_Date"": ""8"", ""Project_ID"": ""PRJ3-02158"", ""Project_Name"": ""Copper Corporate Center 2158"", ""Project_Type"": ""Commercial"", ""Region"": ""West"", ""SPI_Snapshot"": ""0.9372"", ""Safety_Incident_Rate_to_Date"": ""0.649"", ""Schedule_Variance_Days_Snapshot"": ""26"", ""Snapshot_Data_Completeness_Pct"": ""0.9674"", ""Snapshot_Date"": ""2021-04-23"", ""Snapshot_Year"": ""2021"", ""Start_Date"": ""2021-12-12"", ""State"": ""OR"", ""Weather_Impact_Days_to_Date"": ""10""}"
Q-0021,projects_raw,PRJ3-02166,Missing critical field Labor_Productivity_Index,"{""Actual_Percent_Complete"": ""0.5758"", ""CPI_Snapshot"": ""0.8409"", ""Client_Type"": ""Private"", ""Complexity_Level"": ""High"", ""Contract_Type"": ""Guaranteed Maximum Price"", ""Cost_Variance_Pct_Snapshot"": ""0.1071"", ""Delivery_Method"": ""Design-Bid-Build"", ""Digital_Coordination_Level"": ""High"", ""Labor_Productivity_Index"": """", ""Original_Budget"": ""116623100"", ""Owner_Decision_Profile"": ""Standard"", ""Planned_Duration_Days"": ""806"", ""Planned_Percent_Complete"": ""0.583"", ""Procurement_Delay_Days_to_Date"": ""27"", ""Project_ID"": ""PRJ3-02166"", ""Project_Name"": ""Liberty Civic Complex 2166"", ""Project_Type"": ""Institutional"", ""Region"": ""Southeast"", ""SPI_Snapshot"": ""0.9665"", ""Safety_Incident_Rate_to_Date"": ""1.014"", ""Schedule_Variance_Days_Snapshot"": ""6"", ""Snapshot_Data_Completeness_Pct"": ""0.9597"", ""Snapshot_Date"": ""2021-04-28"", ""Snapshot_Year"": ""2021"", ""Start_Date"": ""2020-01-15"", ""State"": ""TN"", ""Weather_Impact_Days_to_Date"": ""13""}"
Q-0022,projects_raw,PRJ3-02255,Missing critical field CPI_Snapshot,"{""Actual_Percent_Complete"": ""0.6067"", ""CPI_Snapshot"": """", ""Client_Type"": ""Private"", ""Complexity_Level"": ""Moderate"", ""Contract_Type"": ""Unit Price"", ""Cost_Variance_Pct_Snapshot"": ""-0.0193"", ""Delivery_Method"": ""Design-Build"", ""Digital_Coordination_Level"": ""Low"", ""Labor_Productivity_Index"": ""1.0021"", ""Original_Budget"": ""29055400"", ""Owner_Decision_Profile"": ""Fast"", ""Planned_Duration_Days"": ""648"", ""Planned_Percent_Complete"": ""0.577"", ""Procurement_Delay_Days_to_Date"": ""10"", ""Project_ID"": ""PRJ3-02255"", ""Project_Name"": ""Pioneer Marketplace 2255"", ""Project_Type"": ""Commercial"", ""Region"": ""Southeast"", ""SPI_Snapshot"": ""1.0062"", ""Safety_Incident_Rate_to_Date"": ""0.694"", ""Schedule_Variance_Days_Snapshot"": ""-19"", ""Snapshot_Data_Completeness_Pct"": ""0.9786"", ""Snapshot_Date"": ""2021-12-09"", ""Snapshot_Year"": ""2021"", ""Start_Date"": ""2020-12-01"", ""State"": ""TN"", ""Weather_Impact_Days_to_Date"": ""10""}"
Q-0023,workflow_features_raw,PRJ3-00010,Missing critical field Contingency_Utilization_Pct,"{""Approved_Change_Value_Pct_Budget"": ""0.0295"", ""Avg_RFI_Response_Days"": ""7.709"", ""Change_Approval_Cycle_Days"": ""28.626"", ""Contingency_Utilization_Pct"": """", ""Forecast_Incorporation_Lag_Days"": ""3.788"", ""High_Critical_Overdue_Rate"": ""0.094"", ""Old_Pending_Change_Rate"": ""0.3632"", ""Overdue_RFI_Rate"": ""0.3317"", ""Pending_Change_Exposure_Pct_Budget"": ""0.041"", ""Project_ID"": ""PRJ3-00010"", ""RFI_Count_per_10M"": ""5.405"", ""RFI_Count_to_Date"": ""116"", ""RFI_On_Time_Rate"": ""0.3199"", ""RFI_Reopen_Rate"": ""0.0695"", ""RFI_Revision_Rate"": ""0.2631"", ""RFI_to_Change_Rate"": ""0.22"", ""Revision_Loop_Rate"": ""0.2628"", ""Workflow_Handoff_Rate"": ""0.5007"", ""Workflow_Risk_Score_Snapshot"": ""4""}"
Q-0024,workflow_features_raw,PRJ3-00134,Project_ID does not reference a valid clean project,"{""Approved_Change_Value_Pct_Budget"": ""0.0379"", ""Avg_RFI_Response_Days"": ""5.369"", ""Change_Approval_Cycle_Days"": ""27.575"", ""Contingency_Utilization_Pct"": ""0.3583"", ""Forecast_Incorporation_Lag_Days"": ""3.116"", ""High_Critical_Overdue_Rate"": ""0.0502"", ""Old_Pending_Change_Rate"": ""0.4091"", ""Overdue_RFI_Rate"": ""0.1837"", ""Pending_Change_Exposure_Pct_Budget"": ""0.0094"", ""Project_ID"": ""PRJ3-00134"", ""RFI_Count_per_10M"": ""4.392"", ""RFI_Count_to_Date"": ""115"", ""RFI_On_Time_Rate"": ""0.4493"", ""RFI_Reopen_Rate"": ""0.0252"", ""RFI_Revision_Rate"": ""0.1039"", ""RFI_to_Change_Rate"": ""0.0815"", ""Revision_Loop_Rate"": ""0.2123"", ""Workflow_Handoff_Rate"": ""0.3768"", ""Workflow_Risk_Score_Snapshot"": ""2""}"
Q-0025,workflow_features_raw,PRJ3-00148,Project_ID does not reference a valid clean project,"{""Approved_Change_Value_Pct_Budget"": ""0.0644"", ""Avg_RFI_Response_Days"": ""8.972"", ""Change_Approval_Cycle_Days"": ""27.941"", ""Contingency_Utilization_Pct"": ""0.4137"", ""Forecast_Incorporation_Lag_Days"": ""1.894"", ""High_Critical_Overdue_Rate"": ""0.102"", ""Old_Pending_Change_Rate"": ""0.2653"", ""Overdue_RFI_Rate"": ""0.3465"", ""Pending_Change_Exposure_Pct_Budget"": ""0.013"", ""Project_ID"": ""PRJ3-00148"", ""RFI_Count_per_10M"": ""5.745"", ""RFI_Count_to_Date"": ""236"", ""RFI_On_Time_Rate"": ""0.3608"", ""RFI_Reopen_Rate"": ""0.0667"", ""RFI_Revision_Rate"": ""0.1556"", ""RFI_to_Change_Rate"": ""0.1988"", ""Revision_Loop_Rate"": ""0.3755"", ""Workflow_Handoff_Rate"": ""0.4207"", ""Workflow_Risk_Score_Snapshot"": ""3""}"
Q-0026,workflow_features_raw,PRJ3-00432,Project_ID does not reference a valid clean project,"{""Approved_Change_Value_Pct_Budget"": ""0.0571"", ""Avg_RFI_Response_Days"": ""10.247"", ""Change_Approval_Cycle_Days"": ""24.141"", ""Contingency_Utilization_Pct"": ""0.4132"", ""Forecast_Incorporation_Lag_Days"": ""6.57"", ""High_Critical_Overdue_Rate"": ""0.1116"", ""Old_Pending_Change_Rate"": ""0.3835"", ""Overdue_RFI_Rate"": ""0.3765"", ""Pending_Change_Exposure_Pct_Budget"": ""0.0441"", ""Project_ID"": ""PRJ3-00432"", ""RFI_Count_per_10M"": ""5.177"", ""RFI_Count_to_Date"": ""108"", ""RFI_On_Time_Rate"": ""0.1766"", ""RFI_Reopen_Rate"": ""0.0373"", ""RFI_Revision_Rate"": ""0.1228"", ""RFI_to_Change_Rate"": ""0.1172"", ""Revision_Loop_Rate"": ""0.2824"", ""Workflow_Handoff_Rate"": ""0.3743"", ""Workflow_Risk_Score_Snapshot"": ""5""}"
Q-0027,workflow_features_raw,PRJ3-00514,Missing critical field Avg_RFI_Response_Days,"{""Approved_Change_Value_Pct_Budget"": ""0.0272"", ""Avg_RFI_Response_Days"": """", ""Change_Approval_Cycle_Days"": ""21.668"", ""Contingency_Utilization_Pct"": ""0.2358"", ""Forecast_Incorporation_Lag_Days"": ""1.836"", ""High_Critical_Overdue_Rate"": ""0.0612"", ""Old_Pending_Change_Rate"": ""0.2771"", ""Overdue_RFI_Rate"": ""0.3866"", ""Pending_Change_Exposure_Pct_Budget"": ""0.0123"", ""Project_ID"": ""PRJ3-00514"", ""RFI_Count_per_10M"": ""4.663"", ""RFI_Count_to_Date"": ""121"", ""RFI_On_Time_Rate"": ""0.1046"", ""RFI_Reopen_Rate"": ""0.0669"", ""RFI_Revision_Rate"": ""0.1404"", ""RFI_to_Change_Rate"": ""0.0994"", ""Revision_Loop_Rate"": ""0.2513"", ""Workflow_Handoff_Rate"": ""0.3784"", ""Workflow_Risk_Score_Snapshot"": ""3""}"
Q-0028,workflow_features_raw,PRJ3-00518,Overdue_RFI_Rate outside range,"{""Approved_Change_Value_Pct_Budget"": ""0.0585"", ""Avg_RFI_Response_Days"": ""6.115"", ""Change_Approval_Cycle_Days"": ""13.074"", ""Contingency_Utilization_Pct"": ""0.4126"", ""Forecast_Incorporation_Lag_Days"": ""0.817"", ""High_Critical_Overdue_Rate"": ""0.0461"", ""Old_Pending_Change_Rate"": ""0.1971"", ""Overdue_RFI_Rate"": ""1.5"", ""Pending_Change_Exposure_Pct_Budget"": ""0.0088"", ""Project_ID"": ""PRJ3-00518"", ""RFI_Count_per_10M"": ""6.61"", ""RFI_Count_to_Date"": ""10"", ""RFI_On_Time_Rate"": ""0.2386"", ""RFI_Reopen_Rate"": ""0.0129"", ""RFI_Revision_Rate"": ""0.018"", ""RFI_to_Change_Rate"": ""0.0924"", ""Revision_Loop_Rate"": ""0.163"", ""Workflow_Handoff_Rate"": ""0.3324"", ""Workflow_Risk_Score_Snapshot"": ""1""}"
Q-0029,workflow_features_raw,PRJ3-00525,Missing critical field Avg_RFI_Response_Days,"{""Approved_Change_Value_Pct_Budget"": ""0.0197"", ""Avg_RFI_Response_Days"": """", ""Change_Approval_Cycle_Days"": ""10.962"", ""Contingency_Utilization_Pct"": ""0.0527"", ""Forecast_Incorporation_Lag_Days"": ""0.7"", ""High_Critical_Overdue_Rate"": ""0.0946"", ""Old_Pending_Change_Rate"": ""0.0264"", ""Overdue_RFI_Rate"": ""0.3088"", ""Pending_Change_Exposure_Pct_Budget"": ""0.0006"", ""Project_ID"": ""PRJ3-00525"", ""RFI_Count_per_10M"": ""4.405"", ""RFI_Count_to_Date"": ""28"", ""RFI_On_Time_Rate"": ""0.2209"", ""RFI_Reopen_Rate"": ""0.0214"", ""RFI_Revision_Rate"": ""0.0409"", ""RFI_to_Change_Rate"": ""0.02"", ""Revision_Loop_Rate"": ""0.0704"", ""Workflow_Handoff_Rate"": ""0.4254"", ""Workflow_Risk_Score_Snapshot"": ""1""}"
Q-0030,workflow_features_raw,PRJ3-00551,Overdue_RFI_Rate outside range,"{""Approved_Change_Value_Pct_Budget"": ""0.0474"", ""Avg_RFI_Response_Days"": ""8.348"", ""Change_Approval_Cycle_Days"": ""16.653"", ""Contingency_Utilization_Pct"": ""0.434"", ""Forecast_Incorporation_Lag_Days"": ""8.064"", ""High_Critical_Overdue_Rate"": ""0.1074"", ""Old_Pending_Change_Rate"": ""0.1828"", ""Overdue_RFI_Rate"": ""1.5"", ""Pending_Change_Exposure_Pct_Budget"": ""0.0109"", ""Project_ID"": ""PRJ3-00551"", ""RFI_Count_per_10M"": ""7.582"", ""RFI_Count_to_Date"": ""41"", ""RFI_On_Time_Rate"": ""0.3768"", ""RFI_Reopen_Rate"": ""0"", ""RFI_Revision_Rate"": ""0.1273"", ""RFI_to_Change_Rate"": ""0.2872"", ""Revision_Loop_Rate"": ""0.2553"", ""Workflow_Handoff_Rate"": ""0.5428"", ""Workflow_Risk_Score_Snapshot"": ""3""}"
Q-0031,workflow_features_raw,PRJ3-00671,RFI_On_Time_Rate outside range,"{""Approved_Change_Value_Pct_Budget"": ""0.0578"", ""Avg_RFI_Response_Days"": ""9.343"", ""Change_Approval_Cycle_Days"": ""11.047"", ""Contingency_Utilization_Pct"": ""0.3852"", ""Forecast_Incorporation_Lag_Days"": ""9.123"", ""High_Critical_Overdue_Rate"": ""0.0682"", ""Old_Pending_Change_Rate"": ""0.0747"", ""Overdue_RFI_Rate"": ""0.3382"", ""Pending_Change_Exposure_Pct_Budget"": ""0.0102"", ""Project_ID"": ""PRJ3-00671"", ""RFI_Count_per_10M"": ""4.77"", ""RFI_Count_to_Date"": ""240"", ""RFI_On_Time_Rate"": ""1.5"", ""RFI_Reopen_Rate"": ""0.0716"", ""RFI_Revision_Rate"": ""0.1906"", ""RFI_to_Change_Rate"": ""0.0783"", ""Revision_Loop_Rate"": ""0.0784"", ""Workflow_Handoff_Rate"": ""0.2593"", ""Workflow_Risk_Score_Snapshot"": ""3""}"
Q-0032,workflow_features_raw,PRJ3-00732,Missing critical field Contingency_Utilization_Pct,"{""Approved_Change_Value_Pct_Budget"": ""0.0183"", ""Avg_RFI_Response_Days"": ""8.786"", ""Change_Approval_Cycle_Days"": ""19.415"", ""Contingency_Utilization_Pct"": """", ""Forecast_Incorporation_Lag_Days"": ""3.095"", ""High_Critical_Overdue_Rate"": ""0.1268"", ""Old_Pending_Change_Rate"": ""0.1584"", ""Overdue_RFI_Rate"": ""0.3352"", ""Pending_Change_Exposure_Pct_Budget"": ""0.0261"", ""Project_ID"": ""PRJ3-00732"", ""RFI_Count_per_10M"": ""4.921"", ""RFI_Count_to_Date"": ""117"", ""RFI_On_Time_Rate"": ""0.4113"", ""RFI_Reopen_Rate"": ""0.0937"", ""RFI_Revision_Rate"": ""0.2239"", ""RFI_to_Change_Rate"": ""0.2307"", ""Revision_Loop_Rate"": ""0.2354"", ""Workflow_Handoff_Rate"": ""0.4899"", ""Workflow_Risk_Score_Snapshot"": ""3""}"
Q-0033,workflow_features_raw,PRJ3-00745,Project_ID does not reference a valid clean project,"{""Approved_Change_Value_Pct_Budget"": ""0.0211"", ""Avg_RFI_Response_Days"": ""11.323"", ""Change_Approval_Cycle_Days"": ""21.243"", ""Contingency_Utilization_Pct"": ""0.3706"", ""Forecast_Incorporation_Lag_Days"": ""9.409"", ""High_Critical_Overdue_Rate"": ""0.1219"", ""Old_Pending_Change_Rate"": ""0.2547"", ""Overdue_RFI_Rate"": ""0.4371"", ""Pending_Change_Exposure_Pct_Budget"": ""0.0391"", ""Project_ID"": ""PRJ3-00745"", ""RFI_Count_per_10M"": ""4.979"", ""RFI_Count_to_Date"": ""64"", ""RFI_On_Time_Rate"": ""0.08"", ""RFI_Reopen_Rate"": ""0.0518"", ""RFI_Revision_Rate"": ""0.1402"", ""RFI_to_Change_Rate"": ""0.2116"", ""Revision_Loop_Rate"": ""0.2201"", ""Workflow_Handoff_Rate"": ""0.4614"", ""Workflow_Risk_Score_Snapshot"": ""5""}"
Q-0034,workflow_features_raw,PRJ3-00747,Missing critical field Avg_RFI_Response_Days,"{""Approved_Change_Value_Pct_Budget"": ""0.0445"", ""Avg_RFI_Response_Days"": """", ""Change_Approval_Cycle_Days"": ""26.727"", ""Contingency_Utilization_Pct"": ""0.4185"", ""Forecast_Incorporation_Lag_Days"": ""4.17"", ""High_Critical_Overdue_Rate"": ""0.0716"", ""Old_Pending_Change_Rate"": ""0.2928"", ""Overdue_RFI_Rate"": ""0.1865"", ""Pending_Change_Exposure_Pct_Budget"": ""0.0032"", ""Project_ID"": ""PRJ3-00747"", ""RFI_Count_per_10M"": ""5.583"", ""RFI_Count_to_Date"": ""176"", ""RFI_On_Time_Rate"": ""0.2607"", ""RFI_Reopen_Rate"": ""0.0524"", ""RFI_Revision_Rate"": ""0.1756"", ""RFI_to_Change_Rate"": ""0.2042"", ""Revision_Loop_Rate"": ""0.2504"", ""Workflow_Handoff_Rate"": ""0.3813"", ""Workflow_Risk_Score_Snapshot"": ""2""}"
Q-0035,workflow_features_raw,PRJ3-00810,Missing critical field Change_Approval_Cycle_Days,"{""Approved_Change_Value_Pct_Budget"": ""0.0319"", ""Avg_RFI_Response_Days"": ""5.847"", ""Change_Approval_Cycle_Days"": """", ""Contingency_Utilization_Pct"": ""0.3587"", ""Forecast_Incorporation_Lag_Days"": ""0"", ""High_Critical_Overdue_Rate"": ""0.0733"", ""Old_Pending_Change_Rate"": ""0.2535"", ""Overdue_RFI_Rate"": ""0.2008"", ""Pending_Change_Exposure_Pct_Budget"": ""0.0267"", ""Project_ID"": ""PRJ3-00810"", ""RFI_Count_per_10M"": ""6.5"", ""RFI_Count_to_Date"": ""57"", ""RFI_On_Time_Rate"": ""0.4487"", ""RFI_Reopen_Rate"": ""0.0714"", ""RFI_Revision_Rate"": ""0.2311"", ""RFI_to_Change_Rate"": ""0.2405"", ""Revision_Loop_Rate"": ""0.2504"", ""Workflow_Handoff_Rate"": ""0.3729"", ""Workflow_Risk_Score_Snapshot"": ""2""}"
Q-0036,workflow_features_raw,PRJ3-00911,Project_ID does not reference a valid clean project,"{""Approved_Change_Value_Pct_Budget"": ""0.0393"", ""Avg_RFI_Response_Days"": ""8.705"", ""Change_Approval_Cycle_Days"": ""28.82"", ""Contingency_Utilization_Pct"": ""0.3077"", ""Forecast_Incorporation_Lag_Days"": ""5.261"", ""High_Critical_Overdue_Rate"": ""0.0605"", ""Old_Pending_Change_Rate"": ""0.2662"", ""Overdue_RFI_Rate"": ""0.3303"", ""Pending_Change_Exposure_Pct_Budget"": ""0.0115"", ""Project_ID"": ""PRJ3-00911"", ""RFI_Count_per_10M"": ""5.287"", ""RFI_Count_to_Date"": ""155"", ""RFI_On_Time_Rate"": ""0.3083"", ""RFI_Reopen_Rate"": ""0.0554"", ""RFI_Revision_Rate"": ""0.1288"", ""RFI_to_Change_Rate"": ""0.1829"", ""Revision_Loop_Rate"": ""0.2848"", ""Workflow_Handoff_Rate"": ""0.3226"", ""Workflow_Risk_Score_Snapshot"": ""3""}"
Q-0037,workflow_features_raw,PRJ3-00973,Project_ID does not reference a valid clean project,"{""Approved_Change_Value_Pct_Budget"": ""0.0889"", ""Avg_RFI_Response_Days"": ""10.332"", ""Change_Approval_Cycle_Days"": ""16.47"", ""Contingency_Utilization_Pct"": ""0.4988"", ""Forecast_Incorporation_Lag_Days"": ""7.266"", ""High_Critical_Overdue_Rate"": ""0.1073"", ""Old_Pending_Change_Rate"": ""0.1156"", ""Overdue_RFI_Rate"": ""0.3906"", ""Pending_Change_Exposure_Pct_Budget"": ""0.0512"", ""Project_ID"": ""PRJ3-00973"", ""RFI_Count_per_10M"": ""6.469"", ""RFI_Count_to_Date"": ""124"", ""RFI_On_Time_Rate"": ""0.1244"", ""RFI_Reopen_Rate"": ""0.0688"", ""RFI_Revision_Rate"": ""0.2219"", ""RFI_to_Change_Rate"": ""0.252"", ""Revision_Loop_Rate"": ""0.3211"", ""Workflow_Handoff_Rate"": ""0.2873"", ""Workflow_Risk_Score_Snapshot"": ""5""}"
Q-0038,workflow_features_raw,PRJ3-01015,Project_ID does not reference a valid clean project,"{""Approved_Change_Value_Pct_Budget"": ""0.0497"", ""Avg_RFI_Response_Days"": ""6.294"", ""Change_Approval_Cycle_Days"": ""19.293"", ""Contingency_Utilization_Pct"": ""0.4205"", ""Forecast_Incorporation_Lag_Days"": ""0"", ""High_Critical_Overdue_Rate"": ""0.0473"", ""Old_Pending_Change_Rate"": ""0.2653"", ""Overdue_RFI_Rate"": ""0.1669"", ""Pending_Change_Exposure_Pct_Budget"": ""0.0096"", ""Project_ID"": ""PRJ3-01015"", ""RFI_Count_per_10M"": ""3.673"", ""RFI_Count_to_Date"": ""38"", ""RFI_On_Time_Rate"": ""0.3503"", ""RFI_Reopen_Rate"": ""0.057"", ""RFI_Revision_Rate"": ""0.1908"", ""RFI_to_Change_Rate"": ""0.1396"", ""Revision_Loop_Rate"": ""0.2586"", ""Workflow_Handoff_Rate"": ""0.3184"", ""Workflow_Risk_Score_Snapshot"": ""1""}"
Q-0039,workflow_features_raw,PRJ3-01180,Pending_Change_Exposure_Pct_Budget outside range,"{""Approved_Change_Value_Pct_Budget"": ""0.0253"", ""Avg_RFI_Response_Days"": ""12.397"", ""Change_Approval_Cycle_Days"": ""18.673"", ""Contingency_Utilization_Pct"": ""0.235"", ""Forecast_Incorporation_Lag_Days"": ""5.03"", ""High_Critical_Overdue_Rate"": ""0.1329"", ""Old_Pending_Change_Rate"": ""0.3487"", ""Overdue_RFI_Rate"": ""0.4262"", ""Pending_Change_Exposure_Pct_Budget"": ""1.5"", ""Project_ID"": ""PRJ3-01180"", ""RFI_Count_per_10M"": ""5.503"", ""RFI_Count_to_Date"": ""58"", ""RFI_On_Time_Rate"": ""0.08"", ""RFI_Reopen_Rate"": ""0.0683"", ""RFI_Revision_Rate"": ""0.2309"", ""RFI_to_Change_Rate"": ""0.2448"", ""Revision_Loop_Rate"": ""0.1917"", ""Workflow_Handoff_Rate"": ""0.4848"", ""Workflow_Risk_Score_Snapshot"": ""4""}"
Q-0040,workflow_features_raw,PRJ3-01192,Project_ID does not reference a valid clean project,"{""Approved_Change_Value_Pct_Budget"": ""0.012"", ""Avg_RFI_Response_Days"": ""11.399"", ""Change_Approval_Cycle_Days"": ""26.622"", ""Contingency_Utilization_Pct"": ""0.417"", ""Forecast_Incorporation_Lag_Days"": ""4.807"", ""High_Critical_Overdue_Rate"": ""0.1204"", ""Old_Pending_Change_Rate"": ""0.3521"", ""Overdue_RFI_Rate"": ""0.5107"", ""Pending_Change_Exposure_Pct_Budget"": ""0.0404"", ""Project_ID"": ""PRJ3-01192"", ""RFI_Count_per_10M"": ""5.562"", ""RFI_Count_to_Date"": ""50"", ""RFI_On_Time_Rate"": ""0.08"", ""RFI_Reopen_Rate"": ""0.0058"", ""RFI_Revision_Rate"": ""0.0559"", ""RFI_to_Change_Rate"": ""0.134"", ""Revision_Loop_Rate"": ""0.2883"", ""Workflow_Handoff_Rate"": ""0.2714"", ""Workflow_Risk_Score_Snapshot"": ""5""}"
Q-0041,workflow_features_raw,PRJ3-01294,Project_ID does not reference a valid clean project,"{""Approved_Change_Value_Pct_Budget"": ""0.0441"", ""Avg_RFI_Response_Days"": ""9.001"", ""Change_Approval_Cycle_Days"": ""26.263"", ""Contingency_Utilization_Pct"": ""0.3973"", ""Forecast_Incorporation_Lag_Days"": ""8.707"", ""High_Critical_Overdue_Rate"": ""0.0687"", ""Old_Pending_Change_Rate"": ""0.366"", ""Overdue_RFI_Rate"": ""0.241"", ""Pending_Change_Exposure_Pct_Budget"": ""0.0146"", ""Project_ID"": ""PRJ3-01294"", ""RFI_Count_per_10M"": ""4.634"", ""RFI_Count_to_Date"": ""80"", ""RFI_On_Time_Rate"": ""0.3128"", ""RFI_Reopen_Rate"": ""0.0755"", ""RFI_Revision_Rate"": ""0.1885"", ""RFI_to_Change_Rate"": ""0.2454"", ""Revision_Loop_Rate"": ""0.2332"", ""Workflow_Handoff_Rate"": ""0.2561"", ""Workflow_Risk_Score_Snapshot"": ""3""}"
Q-0042,workflow_features_raw,PRJ3-01334,Missing critical field Contingency_Utilization_Pct,"{""Approved_Change_Value_Pct_Budget"": ""0.0321"", ""Avg_RFI_Response_Days"": ""13.639"", ""Change_Approval_Cycle_Days"": ""18.274"", ""Contingency_Utilization_Pct"": """", ""Forecast_Incorporation_Lag_Days"": ""7.674"", ""High_Critical_Overdue_Rate"": ""0.1554"", ""Old_Pending_Change_Rate"": ""0.2394"", ""Overdue_RFI_Rate"": ""0.5202"", ""Pending_Change_Exposure_Pct_Budget"": ""0.011"", ""Project_ID"": ""PRJ3-01334"", ""RFI_Count_per_10M"": ""4.098"", ""RFI_Count_to_Date"": ""40"", ""RFI_On_Time_Rate"": ""0.08"", ""RFI_Reopen_Rate"": ""0.0657"", ""RFI_Revision_Rate"": ""0.1497"", ""RFI_to_Change_Rate"": ""0.1513"", ""Revision_Loop_Rate"": ""0.1492"", ""Workflow_Handoff_Rate"": ""0.3028"", ""Workflow_Risk_Score_Snapshot"": ""4""}"
Q-0043,workflow_features_raw,PRJ3-01356,Project_ID does not reference a valid clean project,"{""Approved_Change_Value_Pct_Budget"": ""0.081"", ""Avg_RFI_Response_Days"": ""14.597"", ""Change_Approval_Cycle_Days"": ""22.574"", ""Contingency_Utilization_Pct"": ""0.2787"", ""Forecast_Incorporation_Lag_Days"": ""4.396"", ""High_Critical_Overdue_Rate"": ""0.0962"", ""Old_Pending_Change_Rate"": ""0.4027"", ""Overdue_RFI_Rate"": ""0.4741"", ""Pending_Change_Exposure_Pct_Budget"": ""0.0391"", ""Project_ID"": ""PRJ3-01356"", ""RFI_Count_per_10M"": ""3.587"", ""RFI_Count_to_Date"": ""14"", ""RFI_On_Time_Rate"": ""0.08"", ""RFI_Reopen_Rate"": ""0.0328"", ""RFI_Revision_Rate"": ""0.1281"", ""RFI_to_Change_Rate"": ""0.1879"", ""Revision_Loop_Rate"": ""0.1993"", ""Workflow_Handoff_Rate"": ""0.373"", ""Workflow_Risk_Score_Snapshot"": ""5""}"
Q-0044,workflow_features_raw,PRJ3-01396,Project_ID does not reference a valid clean project,"{""Approved_Change_Value_Pct_Budget"": ""0.0518"", ""Avg_RFI_Response_Days"": ""10.874"", ""Change_Approval_Cycle_Days"": ""24.918"", ""Contingency_Utilization_Pct"": ""0.548"", ""Forecast_Incorporation_Lag_Days"": ""5.094"", ""High_Critical_Overdue_Rate"": ""0.0865"", ""Old_Pending_Change_Rate"": ""0.1769"", ""Overdue_RFI_Rate"": ""0.3129"", ""Pending_Change_Exposure_Pct_Budget"": ""0.064"", ""Project_ID"": ""PRJ3-01396"", ""RFI_Count_per_10M"": ""7.214"", ""RFI_Count_to_Date"": ""101"", ""RFI_On_Time_Rate"": ""0.1569"", ""RFI_Reopen_Rate"": ""0.0613"", ""RFI_Revision_Rate"": ""0.2503"", ""RFI_to_Change_Rate"": ""0.3463"", ""Revision_Loop_Rate"": ""0.2773"", ""Workflow_Handoff_Rate"": ""0.4135"", ""Workflow_Risk_Score_Snapshot"": ""5""}"
Q-0045,workflow_features_raw,PRJ3-01449,Project_ID does not reference a valid clean project,"{""Approved_Change_Value_Pct_Budget"": ""0.0951"", ""Avg_RFI_Response_Days"": ""7.252"", ""Change_Approval_Cycle_Days"": ""20.551"", ""Contingency_Utilization_Pct"": ""0.253"", ""Forecast_Incorporation_Lag_Days"": ""1.444"", ""High_Critical_Overdue_Rate"": ""0.0942"", ""Old_Pending_Change_Rate"": ""0.2807"", ""Overdue_RFI_Rate"": ""0.2639"", ""Pending_Change_Exposure_Pct_Budget"": ""0.0284"", ""Project_ID"": ""PRJ3-01449"", ""RFI_Count_per_10M"": ""5.856"", ""RFI_Count_to_Date"": ""15"", ""RFI_On_Time_Rate"": ""0.3207"", ""RFI_Reopen_Rate"": ""0.0387"", ""RFI_Revision_Rate"": ""0.2268"", ""RFI_to_Change_Rate"": ""0.2833"", ""Revision_Loop_Rate"": ""0.2664"", ""Workflow_Handoff_Rate"": ""0.3415"", ""Workflow_Risk_Score_Snapshot"": ""3""}"
Q-0046,workflow_features_raw,PRJ3-01481,Missing critical field Avg_RFI_Response_Days,"{""Approved_Change_Value_Pct_Budget"": ""0.0059"", ""Avg_RFI_Response_Days"": """", ""Change_Approval_Cycle_Days"": ""20.775"", ""Contingency_Utilization_Pct"": ""0.095"", ""Forecast_Incorporation_Lag_Days"": ""1.614"", ""High_Critical_Overdue_Rate"": ""0.0629"", ""Old_Pending_Change_Rate"": ""0.2874"", ""Overdue_RFI_Rate"": ""0.2885"", ""Pending_Change_Exposure_Pct_Budget"": ""0.0137"", ""Project_ID"": ""PRJ3-01481"", ""RFI_Count_per_10M"": ""2.409"", ""RFI_Count_to_Date"": ""22"", ""RFI_On_Time_Rate"": ""0.1552"", ""RFI_Reopen_Rate"": ""0"", ""RFI_Revision_Rate"": ""0.0038"", ""RFI_to_Change_Rate"": ""0.1133"", ""Revision_Loop_Rate"": ""0.1479"", ""Workflow_Handoff_Rate"": ""0.2761"", ""Workflow_Risk_Score_Snapshot"": ""2""}"
Q-0047,workflow_features_raw,PRJ3-01597,Project_ID does not reference a valid clean project,"{""Approved_Change_Value_Pct_Budget"": ""0"", ""Avg_RFI_Response_Days"": ""5.525"", ""Change_Approval_Cycle_Days"": ""26.873"", ""Contingency_Utilization_Pct"": ""0.185"", ""Forecast_Incorporation_Lag_Days"": ""3.499"", ""High_Critical_Overdue_Rate"": ""0.0661"", ""Old_Pending_Change_Rate"": ""0.3388"", ""Overdue_RFI_Rate"": ""0.2551"", ""Pending_Change_Exposure_Pct_Budget"": ""0"", ""Project_ID"": ""PRJ3-01597"", ""RFI_Count_per_10M"": ""1.708"", ""RFI_Count_to_Date"": ""4"", ""RFI_On_Time_Rate"": ""0.4239"", ""RFI_Reopen_Rate"": ""0.0406"", ""RFI_Revision_Rate"": ""0.0369"", ""RFI_to_Change_Rate"": ""0.02"", ""Revision_Loop_Rate"": ""0.2471"", ""Workflow_Handoff_Rate"": ""0.3134"", ""Workflow_Risk_Score_Snapshot"": ""2""}"
Q-0048,workflow_features_raw,PRJ3-01703,Project_ID does not reference a valid clean project,"{""Approved_Change_Value_Pct_Budget"": ""0.0694"", ""Avg_RFI_Response_Days"": ""9.771"", ""Change_Approval_Cycle_Days"": ""29.616"", ""Contingency_Utilization_Pct"": ""0.3676"", ""Forecast_Incorporation_Lag_Days"": ""2.51"", ""High_Critical_Overdue_Rate"": ""0.0566"", ""Old_Pending_Change_Rate"": ""0.3381"", ""Overdue_RFI_Rate"": ""0.3232"", ""Pending_Change_Exposure_Pct_Budget"": ""0.0376"", ""Project_ID"": ""PRJ3-01703"", ""RFI_Count_per_10M"": ""6.224"", ""RFI_Count_to_Date"": ""144"", ""RFI_On_Time_Rate"": ""0.2305"", ""RFI_Reopen_Rate"": ""0.017"", ""RFI_Revision_Rate"": ""0.1978"", ""RFI_to_Change_Rate"": ""0.317"", ""Revision_Loop_Rate"": ""0.3256"", ""Workflow_Handoff_Rate"": ""0.4435"", ""Workflow_Risk_Score_Snapshot"": ""4""}"
Q-0049,workflow_features_raw,PRJ3-01803,Project_ID does not reference a valid clean project,"{""Approved_Change_Value_Pct_Budget"": ""0.049"", ""Avg_RFI_Response_Days"": ""13.582"", ""Change_Approval_Cycle_Days"": ""29.447"", ""Contingency_Utilization_Pct"": ""0.3299"", ""Forecast_Incorporation_Lag_Days"": ""5.723"", ""High_Critical_Overdue_Rate"": ""0.1063"", ""Old_Pending_Change_Rate"": ""0.3945"", ""Overdue_RFI_Rate"": ""0.4762"", ""Pending_Change_Exposure_Pct_Budget"": ""0.0341"", ""Project_ID"": ""PRJ3-01803"", ""RFI_Count_per_10M"": ""5.58"", ""RFI_Count_to_Date"": ""71"", ""RFI_On_Time_Rate"": ""0.08"", ""RFI_Reopen_Rate"": ""0.0432"", ""RFI_Revision_Rate"": ""0.1608"", ""RFI_to_Change_Rate"": ""0.1712"", ""Revision_Loop_Rate"": ""0.2466"", ""Workflow_Handoff_Rate"": ""0.5984"", ""Workflow_Risk_Score_Snapshot"": ""6""}"
Q-0050,workflow_features_raw,PRJ3-01812,RFI_On_Time_Rate outside range,"{""Approved_Change_Value_Pct_Budget"": ""0.0734"", ""Avg_RFI_Response_Days"": ""7.447"", ""Change_Approval_Cycle_Days"": ""27.074"", ""Contingency_Utilization_Pct"": ""0.3332"", ""Forecast_Incorporation_Lag_Days"": ""6.42"", ""High_Critical_Overdue_Rate"": ""0.0681"", ""Old_Pending_Change_Rate"": ""0.3601"", ""Overdue_RFI_Rate"": ""0.2006"", ""Pending_Change_Exposure_Pct_Budget"": ""0.0213"", ""Project_ID"": ""PRJ3-01812"", ""RFI_Count_per_10M"": ""6.233"", ""RFI_Count_to_Date"": ""74"", ""RFI_On_Time_Rate"": ""1.5"", ""RFI_Reopen_Rate"": ""0.0598"", ""RFI_Revision_Rate"": ""0.2333"", ""RFI_to_Change_Rate"": ""0.2327"", ""Revision_Loop_Rate"": ""0.256"", ""Workflow_Handoff_Rate"": ""0.4269"", ""Workflow_Risk_Score_Snapshot"": ""3""}"
Q-0051,workflow_features_raw,PRJ3-01850,Project_ID does not reference a valid clean project,"{""Approved_Change_Value_Pct_Budget"": ""0.0246"", ""Avg_RFI_Response_Days"": ""6.169"", ""Change_Approval_Cycle_Days"": ""14.138"", ""Contingency_Utilization_Pct"": ""0.323"", ""Forecast_Incorporation_Lag_Days"": ""1.934"", ""High_Critical_Overdue_Rate"": ""0.0386"", ""Old_Pending_Change_Rate"": ""0.1461"", ""Overdue_RFI_Rate"": ""0.2146"", ""Pending_Change_Exposure_Pct_Budget"": ""0.0313"", ""Project_ID"": ""PRJ3-01850"", ""RFI_Count_per_10M"": ""3.659"", ""RFI_Count_to_Date"": ""12"", ""RFI_On_Time_Rate"": ""0.5585"", ""RFI_Reopen_Rate"": ""0.0542"", ""RFI_Revision_Rate"": ""0.084"", ""RFI_to_Change_Rate"": ""0.148"", ""Revision_Loop_Rate"": ""0.1207"", ""Workflow_Handoff_Rate"": ""0.3725"", ""Workflow_Risk_Score_Snapshot"": ""2""}"
Q-0052,workflow_features_raw,PRJ3-01862,Project_ID does not reference a valid clean project,"{""Approved_Change_Value_Pct_Budget"": ""0.0293"", ""Avg_RFI_Response_Days"": ""9.344"", ""Change_Approval_Cycle_Days"": ""24.599"", ""Contingency_Utilization_Pct"": ""0.3067"", ""Forecast_Incorporation_Lag_Days"": ""4.305"", ""High_Critical_Overdue_Rate"": ""0"", ""Old_Pending_Change_Rate"": ""0.2522"", ""Overdue_RFI_Rate"": ""0.2617"", ""Pending_Change_Exposure_Pct_Budget"": ""0.0027"", ""Project_ID"": ""PRJ3-01862"", ""RFI_Count_per_10M"": ""6.656"", ""RFI_Count_to_Date"": ""26"", ""RFI_On_Time_Rate"": ""0.1745"", ""RFI_Reopen_Rate"": ""0.0059"", ""RFI_Revision_Rate"": ""0.0118"", ""RFI_to_Change_Rate"": ""0.1501"", ""Revision_Loop_Rate"": ""0.24"", ""Workflow_Handoff_Rate"": ""0.3497"", ""Workflow_Risk_Score_Snapshot"": ""2""}"
Q-0053,workflow_features_raw,PRJ3-01974,Project_ID does not reference a valid clean project,"{""Approved_Change_Value_Pct_Budget"": ""0.0485"", ""Avg_RFI_Response_Days"": ""5.652"", ""Change_Approval_Cycle_Days"": ""18.021"", ""Contingency_Utilization_Pct"": ""0.5198"", ""Forecast_Incorporation_Lag_Days"": ""4.44"", ""High_Critical_Overdue_Rate"": ""0.0188"", ""Old_Pending_Change_Rate"": ""0.1674"", ""Overdue_RFI_Rate"": ""0.0852"", ""Pending_Change_Exposure_Pct_Budget"": ""0.0261"", ""Project_ID"": ""PRJ3-01974"", ""RFI_Count_per_10M"": ""5.398"", ""RFI_Count_to_Date"": ""227"", ""RFI_On_Time_Rate"": ""0.4901"", ""RFI_Reopen_Rate"": ""0.0518"", ""RFI_Revision_Rate"": ""0.1883"", ""RFI_to_Change_Rate"": ""0.1492"", ""Revision_Loop_Rate"": ""0.2696"", ""Workflow_Handoff_Rate"": ""0.5418"", ""Workflow_Risk_Score_Snapshot"": ""2""}"
Q-0054,workflow_features_raw,PRJ3-02011,Missing critical field Avg_RFI_Response_Days,"{""Approved_Change_Value_Pct_Budget"": ""0.0258"", ""Avg_RFI_Response_Days"": """", ""Change_Approval_Cycle_Days"": ""16.192"", ""Contingency_Utilization_Pct"": ""0.2951"", ""Forecast_Incorporation_Lag_Days"": ""2.0"", ""High_Critical_Overdue_Rate"": ""0.0872"", ""Old_Pending_Change_Rate"": ""0.2105"", ""Overdue_RFI_Rate"": ""0.3542"", ""Pending_Change_Exposure_Pct_Budget"": ""0.026"", ""Project_ID"": ""PRJ3-02011"", ""RFI_Count_per_10M"": ""3.945"", ""RFI_Count_to_Date"": ""11"", ""RFI_On_Time_Rate"": ""0.3307"", ""RFI_Reopen_Rate"": ""0.0238"", ""RFI_Revision_Rate"": ""0.0394"", ""RFI_to_Change_Rate"": ""0.1401"", ""Revision_Loop_Rate"": ""0.147"", ""Workflow_Handoff_Rate"": ""0.3814"", ""Workflow_Risk_Score_Snapshot"": ""2""}"
Q-0055,workflow_features_raw,PRJ3-02078,Project_ID does not reference a valid clean project,"{""Approved_Change_Value_Pct_Budget"": ""0.0691"", ""Avg_RFI_Response_Days"": ""9.786"", ""Change_Approval_Cycle_Days"": ""18.038"", ""Contingency_Utilization_Pct"": ""0.4376"", ""Forecast_Incorporation_Lag_Days"": ""1.766"", ""High_Critical_Overdue_Rate"": ""0.1105"", ""Old_Pending_Change_Rate"": ""0.1979"", ""Overdue_RFI_Rate"": ""0.354"", ""Pending_Change_Exposure_Pct_Budget"": ""0.0206"", ""Project_ID"": ""PRJ3-02078"", ""RFI_Count_per_10M"": ""6.151"", ""RFI_Count_to_Date"": ""54"", ""RFI_On_Time_Rate"": ""0.1256"", ""RFI_Reopen_Rate"": ""0.068"", ""RFI_Revision_Rate"": ""0.2221"", ""RFI_to_Change_Rate"": ""0.1272"", ""Revision_Loop_Rate"": ""0.2167"", ""Workflow_Handoff_Rate"": ""0.4307"", ""Workflow_Risk_Score_Snapshot"": ""3""}"
Q-0056,workflow_features_raw,PRJ3-02158,Project_ID does not reference a valid clean project,"{""Approved_Change_Value_Pct_Budget"": ""0.0187"", ""Avg_RFI_Response_Days"": ""11.775"", ""Change_Approval_Cycle_Days"": ""18.414"", ""Contingency_Utilization_Pct"": ""0.1839"", ""Forecast_Incorporation_Lag_Days"": ""0"", ""High_Critical_Overdue_Rate"": ""0.1347"", ""Old_Pending_Change_Rate"": ""0.2595"", ""Overdue_RFI_Rate"": ""0.4657"", ""Pending_Change_Exposure_Pct_Budget"": ""0.0013"", ""Project_ID"": ""PRJ3-02158"", ""RFI_Count_per_10M"": ""3.9"", ""RFI_Count_to_Date"": ""52"", ""RFI_On_Time_Rate"": ""0.2198"", ""RFI_Reopen_Rate"": ""0.0339"", ""RFI_Revision_Rate"": ""0.0955"", ""RFI_to_Change_Rate"": ""0.1106"", ""Revision_Loop_Rate"": ""0.2076"", ""Workflow_Handoff_Rate"": ""0.3706"", ""Workflow_Risk_Score_Snapshot"": ""2""}"
Q-0057,workflow_features_raw,PRJ3-02166,Project_ID does not reference a valid clean project,"{""Approved_Change_Value_Pct_Budget"": ""0.0334"", ""Avg_RFI_Response_Days"": ""6.666"", ""Change_Approval_Cycle_Days"": ""10.391"", ""Contingency_Utilization_Pct"": ""0.4011"", ""Forecast_Incorporation_Lag_Days"": ""3.065"", ""High_Critical_Overdue_Rate"": ""0.0924"", ""Old_Pending_Change_Rate"": ""0.1792"", ""Overdue_RFI_Rate"": ""0.2499"", ""Pending_Change_Exposure_Pct_Budget"": ""0.0335"", ""Project_ID"": ""PRJ3-02166"", ""RFI_Count_per_10M"": ""6.002"", ""RFI_Count_to_Date"": ""70"", ""RFI_On_Time_Rate"": ""0.5196"", ""RFI_Reopen_Rate"": ""0.0731"", ""RFI_Revision_Rate"": ""0.1231"", ""RFI_to_Change_Rate"": ""0.238"", ""Revision_Loop_Rate"": ""0.2424"", ""Workflow_Handoff_Rate"": ""0.4724"", ""Workflow_Risk_Score_Snapshot"": ""3""}"
Q-0058,workflow_features_raw,PRJ3-02205,RFI_On_Time_Rate outside range,"{""Approved_Change_Value_Pct_Budget"": ""0"", ""Avg_RFI_Response_Days"": ""7.019"", ""Change_Approval_Cycle_Days"": ""21.808"", ""Contingency_Utilization_Pct"": ""0.1521"", ""Forecast_Incorporation_Lag_Days"": ""4.533"", ""High_Critical_Overdue_Rate"": ""0.0847"", ""Old_Pending_Change_Rate"": ""0.4326"", ""Overdue_RFI_Rate"": ""0.3"", ""Pending_Change_Exposure_Pct_Budget"": ""0.0049"", ""Project_ID"": ""PRJ3-02205"", ""RFI_Count_per_10M"": ""4.864"", ""RFI_Count_to_Date"": ""23"", ""RFI_On_Time_Rate"": ""1.5"", ""RFI_Reopen_Rate"": ""0.0254"", ""RFI_Revision_Rate"": ""0.0893"", ""RFI_to_Change_Rate"": ""0.0745"", ""Revision_Loop_Rate"": ""0.2739"", ""Workflow_Handoff_Rate"": ""0.2358"", ""Workflow_Risk_Score_Snapshot"": ""2""}"
Q-0059,workflow_features_raw,PRJ3-02255,Project_ID does not reference a valid clean project,"{""Approved_Change_Value_Pct_Budget"": ""0"", ""Avg_RFI_Response_Days"": ""4.364"", ""Change_Approval_Cycle_Days"": ""29.332"", ""Contingency_Utilization_Pct"": ""0.2555"", ""Forecast_Incorporation_Lag_Days"": ""0"", ""High_Critical_Overdue_Rate"": ""0.064"", ""Old_Pending_Change_Rate"": ""0.3367"", ""Overdue_RFI_Rate"": ""0.1694"", ""Pending_Change_Exposure_Pct_Budget"": ""0.0071"", ""Project_ID"": ""PRJ3-02255"", ""RFI_Count_per_10M"": ""1.377"", ""RFI_Count_to_Date"": ""4"", ""RFI_On_Time_Rate"": ""0.3768"", ""RFI_Reopen_Rate"": ""0.0748"", ""RFI_Revision_Rate"": ""0.1535"", ""RFI_to_Change_Rate"": ""0.0747"", ""Revision_Loop_Rate"": ""0.2567"", ""Workflow_Handoff_Rate"": ""0.3577"", ""Workflow_Risk_Score_Snapshot"": ""2""}"
Q-0060,workflow_features_raw,PRJ3-02307,Missing critical field Avg_RFI_Response_Days,"{""Approved_Change_Value_Pct_Budget"": ""0.0208"", ""Avg_RFI_Response_Days"": """", ""Change_Approval_Cycle_Days"": ""5.019"", ""Contingency_Utilization_Pct"": ""0.1383"", ""Forecast_Incorporation_Lag_Days"": ""8.586"", ""High_Critical_Overdue_Rate"": ""0.0926"", ""Old_Pending_Change_Rate"": ""0.0722"", ""Overdue_RFI_Rate"": ""0.2828"", ""Pending_Change_Exposure_Pct_Budget"": ""0.0362"", ""Project_ID"": ""PRJ3-02307"", ""RFI_Count_per_10M"": ""4.743"", ""RFI_Count_to_Date"": ""141"", ""RFI_On_Time_Rate"": ""0.2262"", ""RFI_Reopen_Rate"": ""0.0227"", ""RFI_Revision_Rate"": ""0.0446"", ""RFI_to_Change_Rate"": ""0.0849"", ""Revision_Loop_Rate"": ""0.0504"", ""Workflow_Handoff_Rate"": ""0.3025"", ""Workflow_Risk_Score_Snapshot"": ""4""}"
Q-0061,workflow_features_raw,ORPHAN-WF-01,Project_ID does not reference a valid clean project,"{""Approved_Change_Value_Pct_Budget"": ""0.0184"", ""Avg_RFI_Response_Days"": ""8.369"", ""Change_Approval_Cycle_Days"": ""24.186"", ""Contingency_Utilization_Pct"": ""0.2891"", ""Forecast_Incorporation_Lag_Days"": ""2.938"", ""High_Critical_Overdue_Rate"": ""0.0834"", ""Old_Pending_Change_Rate"": ""0.2549"", ""Overdue_RFI_Rate"": ""0.3117"", ""Pending_Change_Exposure_Pct_Budget"": ""0.014"", ""Project_ID"": ""ORPHAN-WF-01"", ""RFI_Count_per_10M"": ""5.018"", ""RFI_Count_to_Date"": ""90"", ""RFI_On_Time_Rate"": ""0.3527"", ""RFI_Reopen_Rate"": ""0.0468"", ""RFI_Revision_Rate"": ""0.1331"", ""RFI_to_Change_Rate"": ""0.2094"", ""Revision_Loop_Rate"": ""0.2169"", ""Workflow_Handoff_Rate"": ""0.3613"", ""Workflow_Risk_Score_Snapshot"": ""3""}"
Q-0062,workflow_features_raw,ORPHAN-WF-02,Project_ID does not reference a valid clean project,"{""Approved_Change_Value_Pct_Budget"": ""0.0238"", ""Avg_RFI_Response_Days"": ""10.566"", ""Change_Approval_Cycle_Days"": ""11.092"", ""Contingency_Utilization_Pct"": ""0.1111"", ""Forecast_Incorporation_Lag_Days"": ""0.465"", ""High_Critical_Overdue_Rate"": ""0.0716"", ""Old_Pending_Change_Rate"": ""0.1871"", ""Overdue_RFI_Rate"": ""0.4097"", ""Pending_Change_Exposure_Pct_Budget"": ""0.0017"", ""Project_ID"": ""ORPHAN-WF-02"", ""RFI_Count_per_10M"": ""4.496"", ""RFI_Count_to_Date"": ""133"", ""RFI_On_Time_Rate"": ""0.3348"", ""RFI_Reopen_Rate"": ""0.0267"", ""RFI_Revision_Rate"": ""0.108"", ""RFI_to_Change_Rate"": ""0.1206"", ""Revision_Loop_Rate"": ""0.2348"", ""Workflow_Handoff_Rate"": ""0.3374"", ""Workflow_Risk_Score_Snapshot"": ""2""}"
Q-0063,workflow_features_raw,ORPHAN-WF-03,Project_ID does not reference a valid clean project,"{""Approved_Change_Value_Pct_Budget"": ""0.0068"", ""Avg_RFI_Response_Days"": ""8.835"", ""Change_Approval_Cycle_Days"": ""24.067"", ""Contingency_Utilization_Pct"": ""0.4106"", ""Forecast_Incorporation_Lag_Days"": ""5.362"", ""High_Critical_Overdue_Rate"": ""0.0998"", ""Old_Pending_Change_Rate"": ""0.3396"", ""Overdue_RFI_Rate"": ""0.2951"", ""Pending_Change_Exposure_Pct_Budget"": ""0.0429"", ""Project_ID"": ""ORPHAN-WF-03"", ""RFI_Count_per_10M"": ""5.217"", ""RFI_Count_to_Date"": ""65"", ""RFI_On_Time_Rate"": ""0.3278"", ""RFI_Reopen_Rate"": ""0.0868"", ""RFI_Revision_Rate"": ""0.177"", ""RFI_to_Change_Rate"": ""0.2244"", ""Revision_Loop_Rate"": ""0.2698"", ""Workflow_Handoff_Rate"": ""0.4326"", ""Workflow_Risk_Score_Snapshot"": ""4""}"
Q-0064,workflow_features_raw,ORPHAN-WF-04,Project_ID does not reference a valid clean project,"{""Approved_Change_Value_Pct_Budget"": ""0.0282"", ""Avg_RFI_Response_Days"": ""10.169"", ""Change_Approval_Cycle_Days"": ""10.747"", ""Contingency_Utilization_Pct"": ""0.1683"", ""Forecast_Incorporation_Lag_Days"": ""2.75"", ""High_Critical_Overdue_Rate"": ""0.1373"", ""Old_Pending_Change_Rate"": ""0.0566"", ""Overdue_RFI_Rate"": ""0.4179"", ""Pending_Change_Exposure_Pct_Budget"": ""0.0301"", ""Project_ID"": ""ORPHAN-WF-04"", ""RFI_Count_per_10M"": ""4.535"", ""RFI_Count_to_Date"": ""26"", ""RFI_On_Time_Rate"": ""0.3059"", ""RFI_Reopen_Rate"": ""0.0582"", ""RFI_Revision_Rate"": ""0.1295"", ""RFI_to_Change_Rate"": ""0.2123"", ""Revision_Loop_Rate"": ""0.1339"", ""Workflow_Handoff_Rate"": ""0.1914"", ""Workflow_Risk_Score_Snapshot"": ""3""}"
Q-0065,workflow_features_raw,ORPHAN-WF-05,Project_ID does not reference a valid clean project,"{""Approved_Change_Value_Pct_Budget"": ""0.0161"", ""Avg_RFI_Response_Days"": ""4.96"", ""Change_Approval_Cycle_Days"": ""17.204"", ""Contingency_Utilization_Pct"": ""0.1139"", ""Forecast_Incorporation_Lag_Days"": ""8.113"", ""High_Critical_Overdue_Rate"": ""0.023"", ""Old_Pending_Change_Rate"": ""0.2961"", ""Overdue_RFI_Rate"": ""0.1088"", ""Pending_Change_Exposure_Pct_Budget"": ""0.0072"", ""Project_ID"": ""ORPHAN-WF-05"", ""RFI_Count_per_10M"": ""3.626"", ""RFI_Count_to_Date"": ""86"", ""RFI_On_Time_Rate"": ""0.6782"", ""RFI_Reopen_Rate"": ""0.0038"", ""RFI_Revision_Rate"": ""0"", ""RFI_to_Change_Rate"": ""0.0492"", ""Revision_Loop_Rate"": ""0.1805"", ""Workflow_Handoff_Rate"": ""0.2685"", ""Workflow_Risk_Score_Snapshot"": ""2""}"
Q-0066,outcomes_raw,PRJ3-00134,Project_ID does not reference a valid clean project,"{""Actual_End_Date"": ""2025-02-26"", ""Combined_Overrun_Flag"": ""0"", ""Cost_Overrun_Flag"": ""0"", ""Final_CPI"": ""1.0428"", ""Final_Cost_Overrun_Pct"": ""-0.0411"", ""Final_EAC"": ""251097500"", ""Final_SPI"": ""0.996"", ""Final_Schedule_Delay_Days"": ""4"", ""Final_Status"": ""Complete"", ""Project_ID"": ""PRJ3-00134"", ""Schedule_Delay_Flag"": ""0""}"
Q-0067,outcomes_raw,PRJ3-00148,Project_ID does not reference a valid clean project,"{""Actual_End_Date"": ""2025-02-17"", ""Combined_Overrun_Flag"": ""0"", ""Cost_Overrun_Flag"": ""0"", ""Final_CPI"": ""0.9131"", ""Final_Cost_Overrun_Pct"": ""0.0952"", ""Final_EAC"": ""449936600"", ""Final_SPI"": ""1.012"", ""Final_Schedule_Delay_Days"": ""-12"", ""Final_Status"": ""Complete"", ""Project_ID"": ""PRJ3-00148"", ""Schedule_Delay_Flag"": ""0""}"
Q-0068,outcomes_raw,PRJ3-00432,Project_ID does not reference a valid clean project,"{""Actual_End_Date"": ""2024-08-20"", ""Combined_Overrun_Flag"": ""1"", ""Cost_Overrun_Flag"": ""1"", ""Final_CPI"": ""0.9003"", ""Final_Cost_Overrun_Pct"": ""0.1108"", ""Final_EAC"": ""231729200"", ""Final_SPI"": ""0.9563"", ""Final_Schedule_Delay_Days"": ""44"", ""Final_Status"": ""Complete"", ""Project_ID"": ""PRJ3-00432"", ""Schedule_Delay_Flag"": ""1""}"
Q-0069,outcomes_raw,PRJ3-00745,Project_ID does not reference a valid clean project,"{""Actual_End_Date"": ""2023-08-03"", ""Combined_Overrun_Flag"": ""0"", ""Cost_Overrun_Flag"": ""0"", ""Final_CPI"": ""0.919"", ""Final_Cost_Overrun_Pct"": ""0.0881"", ""Final_EAC"": ""139873400"", ""Final_SPI"": ""0.9977"", ""Final_Schedule_Delay_Days"": ""2"", ""Final_Status"": ""Complete"", ""Project_ID"": ""PRJ3-00745"", ""Schedule_Delay_Flag"": ""0""}"
Q-0070,outcomes_raw,PRJ3-00911,Project_ID does not reference a valid clean project,"{""Actual_End_Date"": ""2025-09-06"", ""Combined_Overrun_Flag"": ""0"", ""Cost_Overrun_Flag"": ""0"", ""Final_CPI"": ""0.9246"", ""Final_Cost_Overrun_Pct"": ""0.0816"", ""Final_EAC"": ""317110600"", ""Final_SPI"": ""1.0258"", ""Final_Schedule_Delay_Days"": ""-24"", ""Final_Status"": ""Complete"", ""Project_ID"": ""PRJ3-00911"", ""Schedule_Delay_Flag"": ""0""}"
Q-0071,outcomes_raw,PRJ3-00973,Project_ID does not reference a valid clean project,"{""Actual_End_Date"": ""2022-12-04"", ""Combined_Overrun_Flag"": ""1"", ""Cost_Overrun_Flag"": ""1"", ""Final_CPI"": ""0.9011"", ""Final_Cost_Overrun_Pct"": ""0.1098"", ""Final_EAC"": ""212714500"", ""Final_SPI"": ""0.978"", ""Final_Schedule_Delay_Days"": ""20"", ""Final_Status"": ""Complete"", ""Project_ID"": ""PRJ3-00973"", ""Schedule_Delay_Flag"": ""0""}"
Q-0072,outcomes_raw,PRJ3-01015,Project_ID does not reference a valid clean project,"{""Actual_End_Date"": ""2025-02-14"", ""Combined_Overrun_Flag"": ""0"", ""Cost_Overrun_Flag"": ""0"", ""Final_CPI"": ""0.9142"", ""Final_Cost_Overrun_Pct"": ""0.0938"", ""Final_EAC"": ""113177100"", ""Final_SPI"": ""0.9785"", ""Final_Schedule_Delay_Days"": ""24"", ""Final_Status"": ""Complete"", ""Project_ID"": ""PRJ3-01015"", ""Schedule_Delay_Flag"": ""0""}"
Q-0073,outcomes_raw,PRJ3-01192,Project_ID does not reference a valid clean project,"{""Actual_End_Date"": ""2025-10-25"", ""Combined_Overrun_Flag"": ""1"", ""Cost_Overrun_Flag"": ""0"", ""Final_CPI"": ""0.9385"", ""Final_Cost_Overrun_Pct"": ""0.0655"", ""Final_EAC"": ""95783400"", ""Final_SPI"": ""0.928"", ""Final_Schedule_Delay_Days"": ""49"", ""Final_Status"": ""Complete"", ""Project_ID"": ""PRJ3-01192"", ""Schedule_Delay_Flag"": ""1""}"
Q-0074,outcomes_raw,PRJ3-01294,Project_ID does not reference a valid clean project,"{""Actual_End_Date"": ""2021-01-20"", ""Combined_Overrun_Flag"": ""1"", ""Cost_Overrun_Flag"": ""0"", ""Final_CPI"": ""0.9459"", ""Final_Cost_Overrun_Pct"": ""0.0572"", ""Final_EAC"": ""182490500"", ""Final_SPI"": ""0.961"", ""Final_Schedule_Delay_Days"": ""35"", ""Final_Status"": ""Complete"", ""Project_ID"": ""PRJ3-01294"", ""Schedule_Delay_Flag"": ""1""}"
Q-0075,outcomes_raw,PRJ3-01356,Project_ID does not reference a valid clean project,"{""Actual_End_Date"": ""2021-11-19"", ""Combined_Overrun_Flag"": ""1"", ""Cost_Overrun_Flag"": ""1"", ""Final_CPI"": ""0.8317"", ""Final_Cost_Overrun_Pct"": ""0.2023"", ""Final_EAC"": ""46925000"", ""Final_SPI"": ""0.9462"", ""Final_Schedule_Delay_Days"": ""46"", ""Final_Status"": ""Complete"", ""Project_ID"": ""PRJ3-01356"", ""Schedule_Delay_Flag"": ""1""}"
Q-0076,outcomes_raw,PRJ3-01396,Project_ID does not reference a valid clean project,"{""Actual_End_Date"": ""2025-03-26"", ""Combined_Overrun_Flag"": ""1"", ""Cost_Overrun_Flag"": ""1"", ""Final_CPI"": ""0.8971"", ""Final_Cost_Overrun_Pct"": ""0.1146"", ""Final_EAC"": ""156049800"", ""Final_SPI"": ""0.9729"", ""Final_Schedule_Delay_Days"": ""26"", ""Final_Status"": ""Complete"", ""Project_ID"": ""PRJ3-01396"", ""Schedule_Delay_Flag"": ""0""}"
Q-0077,outcomes_raw,PRJ3-01449,Project_ID does not reference a valid clean project,"{""Actual_End_Date"": ""2024-04-05"", ""Combined_Overrun_Flag"": ""1"", ""Cost_Overrun_Flag"": ""1"", ""Final_CPI"": ""0.8105"", ""Final_Cost_Overrun_Pct"": ""0.2338"", ""Final_EAC"": ""31601600"", ""Final_SPI"": ""0.93"", ""Final_Schedule_Delay_Days"": ""55"", ""Final_Status"": ""Complete"", ""Project_ID"": ""PRJ3-01449"", ""Schedule_Delay_Flag"": ""1""}"
Q-0078,outcomes_raw,PRJ3-01597,Project_ID does not reference a valid clean project,"{""Actual_End_Date"": ""2025-12-09"", ""Combined_Overrun_Flag"": ""0"", ""Cost_Overrun_Flag"": ""0"", ""Final_CPI"": ""1.0209"", ""Final_Cost_Overrun_Pct"": ""-0.0205"", ""Final_EAC"": ""22937200"", ""Final_SPI"": ""0.9883"", ""Final_Schedule_Delay_Days"": ""6"", ""Final_Status"": ""Complete"", ""Project_ID"": ""PRJ3-01597"", ""Schedule_Delay_Flag"": ""0""}"
Q-0079,outcomes_raw,PRJ3-01703,Project_ID does not reference a valid clean project,"{""Actual_End_Date"": ""2020-07-28"", ""Combined_Overrun_Flag"": ""0"", ""Cost_Overrun_Flag"": ""0"", ""Final_CPI"": ""0.9464"", ""Final_Cost_Overrun_Pct"": ""0.0567"", ""Final_EAC"": ""244473300"", ""Final_SPI"": ""1.0058"", ""Final_Schedule_Delay_Days"": ""-6"", ""Final_Status"": ""Complete"", ""Project_ID"": ""PRJ3-01703"", ""Schedule_Delay_Flag"": ""0""}"
Q-0080,outcomes_raw,PRJ3-01803,Project_ID does not reference a valid clean project,"{""Actual_End_Date"": ""2026-11-16"", ""Combined_Overrun_Flag"": ""1"", ""Cost_Overrun_Flag"": ""1"", ""Final_CPI"": ""0.8936"", ""Final_Cost_Overrun_Pct"": ""0.1191"", ""Final_EAC"": ""142389300"", ""Final_SPI"": ""0.9722"", ""Final_Schedule_Delay_Days"": ""30"", ""Final_Status"": ""Complete"", ""Project_ID"": ""PRJ3-01803"", ""Schedule_Delay_Flag"": ""1""}"
Q-0081,outcomes_raw,PRJ3-01850,Project_ID does not reference a valid clean project,"{""Actual_End_Date"": ""2024-04-18"", ""Combined_Overrun_Flag"": ""1"", ""Cost_Overrun_Flag"": ""1"", ""Final_CPI"": ""0.8942"", ""Final_Cost_Overrun_Pct"": ""0.1184"", ""Final_EAC"": ""36674900"", ""Final_SPI"": ""0.9918"", ""Final_Schedule_Delay_Days"": ""3"", ""Final_Status"": ""Complete"", ""Project_ID"": ""PRJ3-01850"", ""Schedule_Delay_Flag"": ""0""}"
Q-0082,outcomes_raw,PRJ3-01862,Project_ID does not reference a valid clean project,"{""Actual_End_Date"": ""2023-04-13"", ""Combined_Overrun_Flag"": ""1"", ""Cost_Overrun_Flag"": ""0"", ""Final_CPI"": ""0.9512"", ""Final_Cost_Overrun_Pct"": ""0.0513"", ""Final_EAC"": ""41067400"", ""Final_SPI"": ""0.9509"", ""Final_Schedule_Delay_Days"": ""37"", ""Final_Status"": ""Complete"", ""Project_ID"": ""PRJ3-01862"", ""Schedule_Delay_Flag"": ""1""}"
Q-0083,outcomes_raw,PRJ3-01974,Project_ID does not reference a valid clean project,"{""Actual_End_Date"": ""2026-08-07"", ""Combined_Overrun_Flag"": ""0"", ""Cost_Overrun_Flag"": ""0"", ""Final_CPI"": ""0.9632"", ""Final_Cost_Overrun_Pct"": ""0.0383"", ""Final_EAC"": ""436623300"", ""Final_SPI"": ""1.0008"", ""Final_Schedule_Delay_Days"": ""-1"", ""Final_Status"": ""Complete"", ""Project_ID"": ""PRJ3-01974"", ""Schedule_Delay_Flag"": ""0""}"
Q-0084,outcomes_raw,PRJ3-02078,Project_ID does not reference a valid clean project,"{""Actual_End_Date"": ""2021-06-07"", ""Combined_Overrun_Flag"": ""0"", ""Cost_Overrun_Flag"": ""0"", ""Final_CPI"": ""0.9393"", ""Final_Cost_Overrun_Pct"": ""0.0646"", ""Final_EAC"": ""93469600"", ""Final_SPI"": ""1.0017"", ""Final_Schedule_Delay_Days"": ""-2"", ""Final_Status"": ""Complete"", ""Project_ID"": ""PRJ3-02078"", ""Schedule_Delay_Flag"": ""0""}"
Q-0085,outcomes_raw,PRJ3-02158,Project_ID does not reference a valid clean project,"{""Actual_End_Date"": ""2022-08-27"", ""Combined_Overrun_Flag"": ""0"", ""Cost_Overrun_Flag"": ""0"", ""Final_CPI"": ""0.9306"", ""Final_Cost_Overrun_Pct"": ""0.0746"", ""Final_EAC"": ""143281400"", ""Final_SPI"": ""0.9939"", ""Final_Schedule_Delay_Days"": ""3"", ""Final_Status"": ""Complete"", ""Project_ID"": ""PRJ3-02158"", ""Schedule_Delay_Flag"": ""0""}"
Q-0086,outcomes_raw,PRJ3-02166,Project_ID does not reference a valid clean project,"{""Actual_End_Date"": ""2022-03-14"", ""Combined_Overrun_Flag"": ""1"", ""Cost_Overrun_Flag"": ""1"", ""Final_CPI"": ""0.9022"", ""Final_Cost_Overrun_Pct"": ""0.1084"", ""Final_EAC"": ""129260500"", ""Final_SPI"": ""1.0215"", ""Final_Schedule_Delay_Days"": ""-17"", ""Final_Status"": ""Complete"", ""Project_ID"": ""PRJ3-02166"", ""Schedule_Delay_Flag"": ""0""}"
Q-0087,outcomes_raw,PRJ3-02255,Project_ID does not reference a valid clean project,"{""Actual_End_Date"": ""2022-08-21"", ""Combined_Overrun_Flag"": ""0"", ""Cost_Overrun_Flag"": ""0"", ""Final_CPI"": ""0.9785"", ""Final_Cost_Overrun_Pct"": ""0.022"", ""Final_EAC"": ""29694500"", ""Final_SPI"": ""1.0318"", ""Final_Schedule_Delay_Days"": ""-20"", ""Final_Status"": ""Complete"", ""Project_ID"": ""PRJ3-02255"", ""Schedule_Delay_Flag"": ""0""}"
Q-0088,outcomes_raw,ORPHAN-OUT-01,Project_ID does not reference a valid clean project,"{""Actual_End_Date"": ""2020-12-07"", ""Combined_Overrun_Flag"": ""0"", ""Cost_Overrun_Flag"": ""0"", ""Final_CPI"": ""1.0132"", ""Final_Cost_Overrun_Pct"": ""-0.013"", ""Final_EAC"": ""177009000"", ""Final_SPI"": ""0.9713"", ""Final_Schedule_Delay_Days"": ""19"", ""Final_Status"": ""Complete"", ""Project_ID"": ""ORPHAN-OUT-01"", ""Schedule_Delay_Flag"": ""0""}"
Q-0089,outcomes_raw,ORPHAN-OUT-02,Project_ID does not reference a valid clean project,"{""Actual_End_Date"": ""2023-12-30"", ""Combined_Overrun_Flag"": ""0"", ""Cost_Overrun_Flag"": ""0"", ""Final_CPI"": ""0.9941"", ""Final_Cost_Overrun_Pct"": ""0.0059"", ""Final_EAC"": ""297602100"", ""Final_SPI"": ""1.0198"", ""Final_Schedule_Delay_Days"": ""-20"", ""Final_Status"": ""Complete"", ""Project_ID"": ""ORPHAN-OUT-02"", ""Schedule_Delay_Flag"": ""0""}"
Q-0090,outcomes_raw,ORPHAN-OUT-03,Project_ID does not reference a valid clean project,"{""Actual_End_Date"": ""2023-02-08"", ""Combined_Overrun_Flag"": ""0"", ""Cost_Overrun_Flag"": ""0"", ""Final_CPI"": ""0.929"", ""Final_Cost_Overrun_Pct"": ""0.0764"", ""Final_EAC"": ""134110700"", ""Final_SPI"": ""1.0109"", ""Final_Schedule_Delay_Days"": ""-9"", ""Final_Status"": ""Complete"", ""Project_ID"": ""ORPHAN-OUT-03"", ""Schedule_Delay_Flag"": ""0""}"
Q-0091,outcomes_raw,ORPHAN-OUT-04,Project_ID does not reference a valid clean project,"{""Actual_End_Date"": ""2025-11-27"", ""Combined_Overrun_Flag"": ""0"", ""Cost_Overrun_Flag"": ""0"", ""Final_CPI"": ""0.9515"", ""Final_Cost_Overrun_Pct"": ""0.0509"", ""Final_EAC"": ""60252400"", ""Final_SPI"": ""0.9825"", ""Final_Schedule_Delay_Days"": ""14"", ""Final_Status"": ""Complete"", ""Project_ID"": ""ORPHAN-OUT-04"", ""Schedule_Delay_Flag"": ""0""}"
Q-0092,projects_clean_candidate,PRJ3-00010,Missing valid one-to-one workflow or outcome row,"{""Actual_Percent_Complete"": ""0.3924"", ""CPI_Snapshot"": ""0.9439"", ""Client_Type"": ""Public"", ""Complexity_Level"": ""Very High"", ""Contract_Type"": ""Unit Price"", ""Cost_Variance_Pct_Snapshot"": ""0.0225"", ""Delivery_Method"": ""IPD"", ""Digital_Coordination_Level"": ""High"", ""Labor_Productivity_Index"": ""1.0127"", ""Original_Budget"": ""214628400"", ""Owner_Decision_Profile"": ""Standard"", ""Planned_Duration_Days"": ""903"", ""Planned_Percent_Complete"": ""0.402"", ""Procurement_Delay_Days_to_Date"": ""17"", ""Project_ID"": ""PRJ3-00010"", ""Project_Name"": ""Mesa Distribution Hub 10"", ""Project_Type"": ""Industrial"", ""Region"": ""Southwest"", ""SPI_Snapshot"": ""0.9316"", ""Safety_Incident_Rate_to_Date"": ""0.341"", ""Schedule_Variance_Days_Snapshot"": ""9"", ""Snapshot_Data_Completeness_Pct"": ""0.9523"", ""Snapshot_Date"": ""2020-07-10"", ""Snapshot_Year"": ""2020"", ""Start_Date"": ""2019-07-13"", ""State"": ""NM"", ""Weather_Impact_Days_to_Date"": ""12""}"
Q-0093,projects_clean_candidate,PRJ3-00514,Missing valid one-to-one workflow or outcome row,"{""Actual_Percent_Complete"": ""0.3502"", ""CPI_Snapshot"": ""0.9512"", ""Client_Type"": ""Public"", ""Complexity_Level"": ""Low"", ""Contract_Type"": ""Lump Sum"", ""Cost_Variance_Pct_Snapshot"": ""0.0251"", ""Delivery_Method"": ""CMAR"", ""Digital_Coordination_Level"": ""Low"", ""Labor_Productivity_Index"": ""0.9137"", ""Original_Budget"": ""259463500"", ""Owner_Decision_Profile"": ""Slow"", ""Planned_Duration_Days"": ""845"", ""Planned_Percent_Complete"": ""0.381"", ""Procurement_Delay_Days_to_Date"": ""9"", ""Project_ID"": ""PRJ3-00514"", ""Project_Name"": ""Pioneer Highway Improvements 514"", ""Project_Type"": ""Heavy Civil"", ""Region"": ""Southeast"", ""SPI_Snapshot"": ""0.9366"", ""Safety_Incident_Rate_to_Date"": ""0.192"", ""Schedule_Variance_Days_Snapshot"": ""26"", ""Snapshot_Data_Completeness_Pct"": ""0.9682"", ""Snapshot_Date"": ""2019-01-27"", ""Snapshot_Year"": ""2019"", ""Start_Date"": ""2018-03-12"", ""State"": ""VA"", ""Weather_Impact_Days_to_Date"": ""3""}"
Q-0094,projects_clean_candidate,PRJ3-00518,Missing valid one-to-one workflow or outcome row,"{""Actual_Percent_Complete"": ""0.5335"", ""CPI_Snapshot"": ""1.0272"", ""Client_Type"": ""Private"", ""Complexity_Level"": ""Moderate"", ""Contract_Type"": ""Lump Sum"", ""Cost_Variance_Pct_Snapshot"": ""-0.0297"", ""Delivery_Method"": ""Design-Bid-Build"", ""Digital_Coordination_Level"": ""Moderate"", ""Labor_Productivity_Index"": ""1.0801"", ""Original_Budget"": ""15127800"", ""Owner_Decision_Profile"": ""Fast"", ""Planned_Duration_Days"": ""583"", ""Planned_Percent_Complete"": ""0.579"", ""Procurement_Delay_Days_to_Date"": ""23"", ""Project_ID"": ""PRJ3-00518"", ""Project_Name"": ""Cedar Residences 518"", ""Project_Type"": ""Residential"", ""Region"": ""West"", ""SPI_Snapshot"": ""0.9431"", ""Safety_Incident_Rate_to_Date"": ""0.425"", ""Schedule_Variance_Days_Snapshot"": ""27"", ""Snapshot_Data_Completeness_Pct"": ""0.9748"", ""Snapshot_Date"": ""2021-02-19"", ""Snapshot_Year"": ""2021"", ""Start_Date"": ""2020-03-19"", ""State"": ""NV"", ""Weather_Impact_Days_to_Date"": ""0""}"
Q-0095,projects_clean_candidate,PRJ3-00525,Missing valid one-to-one workflow or outcome row,"{""Actual_Percent_Complete"": ""0.5986"", ""CPI_Snapshot"": ""1.0963"", ""Client_Type"": ""Public"", ""Complexity_Level"": ""Low"", ""Contract_Type"": ""Guaranteed Maximum Price"", ""Cost_Variance_Pct_Snapshot"": ""-0.0468"", ""Delivery_Method"": ""Design-Build"", ""Digital_Coordination_Level"": ""Moderate"", ""Labor_Productivity_Index"": ""1.0315"", ""Original_Budget"": ""63559500"", ""Owner_Decision_Profile"": ""Standard"", ""Planned_Duration_Days"": ""331"", ""Planned_Percent_Complete"": ""0.562"", ""Procurement_Delay_Days_to_Date"": ""13"", ""Project_ID"": ""PRJ3-00525"", ""Project_Name"": ""Canyon Apartments 525"", ""Project_Type"": ""Residential"", ""Region"": ""Midwest"", ""SPI_Snapshot"": ""1.0535"", ""Safety_Incident_Rate_to_Date"": ""0.476"", ""Schedule_Variance_Days_Snapshot"": ""-12"", ""Snapshot_Data_Completeness_Pct"": ""0.9805"", ""Snapshot_Date"": ""2021-11-25"", ""Snapshot_Year"": ""2021"", ""Start_Date"": ""2021-05-23"", ""State"": ""IL"", ""Weather_Impact_Days_to_Date"": ""15""}"
Q-0096,projects_clean_candidate,PRJ3-00551,Missing valid one-to-one workflow or outcome row,"{""Actual_Percent_Complete"": ""0.3476"", ""CPI_Snapshot"": ""0.9439"", ""Client_Type"": ""Public"", ""Complexity_Level"": ""High"", ""Contract_Type"": ""Cost Plus"", ""Cost_Variance_Pct_Snapshot"": ""0.0131"", ""Delivery_Method"": ""Design-Bid-Build"", ""Digital_Coordination_Level"": ""Moderate"", ""Labor_Productivity_Index"": ""0.8895"", ""Original_Budget"": ""54079000"", ""Owner_Decision_Profile"": ""Slow"", ""Planned_Duration_Days"": ""692"", ""Planned_Percent_Complete"": ""0.39"", ""Procurement_Delay_Days_to_Date"": ""35"", ""Project_ID"": ""PRJ3-00551"", ""Project_Name"": ""Mesa Retail Center 551"", ""Project_Type"": ""Commercial"", ""Region"": ""Mountain"", ""SPI_Snapshot"": ""0.8407"", ""Safety_Incident_Rate_to_Date"": ""0.561"", ""Schedule_Variance_Days_Snapshot"": ""29"", ""Snapshot_Data_Completeness_Pct"": ""0.9658"", ""Snapshot_Date"": ""2020-03-28"", ""Snapshot_Year"": ""2020"", ""Start_Date"": ""2019-07-03"", ""State"": ""CO"", ""Weather_Impact_Days_to_Date"": ""11""}"
Q-0097,projects_clean_candidate,PRJ3-00671,Missing valid one-to-one workflow or outcome row,"{""Actual_Percent_Complete"": ""0.5051"", ""CPI_Snapshot"": ""0.8592"", ""Client_Type"": ""Private"", ""Complexity_Level"": ""Moderate"", ""Contract_Type"": ""Guaranteed Maximum Price"", ""Cost_Variance_Pct_Snapshot"": ""0.0811"", ""Delivery_Method"": ""Design-Bid-Build"", ""Digital_Coordination_Level"": ""Low"", ""Labor_Productivity_Index"": ""0.9215"", ""Original_Budget"": ""503189600"", ""Owner_Decision_Profile"": ""Standard"", ""Planned_Duration_Days"": ""1255"", ""Planned_Percent_Complete"": ""0.562"", ""Procurement_Delay_Days_to_Date"": ""26"", ""Project_ID"": ""PRJ3-00671"", ""Project_Name"": ""Gateway Airport Improvements 671"", ""Project_Type"": ""Infrastructure"", ""Region"": ""West"", ""SPI_Snapshot"": ""0.9384"", ""Safety_Incident_Rate_to_Date"": ""0.622"", ""Schedule_Variance_Days_Snapshot"": ""71"", ""Snapshot_Data_Completeness_Pct"": ""0.9409"", ""Snapshot_Date"": ""2020-06-08"", ""Snapshot_Year"": ""2020"", ""Start_Date"": ""2018-07-04"", ""State"": ""CA"", ""Weather_Impact_Days_to_Date"": ""14""}"
Q-0098,projects_clean_candidate,PRJ3-00732,Missing valid one-to-one workflow or outcome row,"{""Actual_Percent_Complete"": ""0.5122"", ""CPI_Snapshot"": ""0.9853"", ""Client_Type"": ""Public"", ""Complexity_Level"": ""High"", ""Contract_Type"": ""Lump Sum"", ""Cost_Variance_Pct_Snapshot"": ""0.0049"", ""Delivery_Method"": ""Design-Build"", ""Digital_Coordination_Level"": ""Moderate"", ""Labor_Productivity_Index"": ""1.0338"", ""Original_Budget"": ""237765300"", ""Owner_Decision_Profile"": ""Fast"", ""Planned_Duration_Days"": ""854"", ""Planned_Percent_Complete"": ""0.553"", ""Procurement_Delay_Days_to_Date"": ""2"", ""Project_ID"": ""PRJ3-00732"", ""Project_Name"": ""Cedar Process Plant 732"", ""Project_Type"": ""Industrial"", ""Region"": ""Midwest"", ""SPI_Snapshot"": ""0.9036"", ""Safety_Incident_Rate_to_Date"": ""0.709"", ""Schedule_Variance_Days_Snapshot"": ""35"", ""Snapshot_Data_Completeness_Pct"": ""0.9588"", ""Snapshot_Date"": ""2024-07-28"", ""Snapshot_Year"": ""2024"", ""Start_Date"": ""2023-04-13"", ""State"": ""IL"", ""Weather_Impact_Days_to_Date"": ""16""}"
Q-0099,projects_clean_candidate,PRJ3-00747,Missing valid one-to-one workflow or outcome row,"{""Actual_Percent_Complete"": ""0.5162"", ""CPI_Snapshot"": ""0.9692"", ""Client_Type"": ""Public"", ""Complexity_Level"": ""High"", ""Contract_Type"": ""Guaranteed Maximum Price"", ""Cost_Variance_Pct_Snapshot"": ""-0.0011"", ""Delivery_Method"": ""Design-Build"", ""Digital_Coordination_Level"": ""Moderate"", ""Labor_Productivity_Index"": ""0.9516"", ""Original_Budget"": ""315258400"", ""Owner_Decision_Profile"": ""Standard"", ""Planned_Duration_Days"": ""1058"", ""Planned_Percent_Complete"": ""0.508"", ""Procurement_Delay_Days_to_Date"": ""9"", ""Project_ID"": ""PRJ3-00747"", ""Project_Name"": ""Lakeview Education Center 747"", ""Project_Type"": ""Institutional"", ""Region"": ""Northeast"", ""SPI_Snapshot"": ""0.9822"", ""Safety_Incident_Rate_to_Date"": ""0.688"", ""Schedule_Variance_Days_Snapshot"": ""-9"", ""Snapshot_Data_Completeness_Pct"": ""0.9639"", ""Snapshot_Date"": ""2022-06-25"", ""Snapshot_Year"": ""2022"", ""Start_Date"": ""2021-01-04"", ""State"": ""NY"", ""Weather_Impact_Days_to_Date"": ""11""}"
Q-0100,projects_clean_candidate,PRJ3-00810,Missing valid one-to-one workflow or outcome row,"{""Actual_Percent_Complete"": ""0.3987"", ""CPI_Snapshot"": ""0.9031"", ""Client_Type"": ""Public"", ""Complexity_Level"": ""Very High"", ""Contract_Type"": ""Cost Plus"", ""Cost_Variance_Pct_Snapshot"": ""0.0449"", ""Delivery_Method"": ""Design-Bid-Build"", ""Digital_Coordination_Level"": ""Moderate"", ""Labor_Productivity_Index"": ""0.8808"", ""Original_Budget"": ""87698600"", ""Owner_Decision_Profile"": ""Fast"", ""Planned_Duration_Days"": ""354"", ""Planned_Percent_Complete"": ""0.435"", ""Procurement_Delay_Days_to_Date"": ""23"", ""Project_ID"": ""PRJ3-00810"", ""Project_Name"": ""Pioneer Housing 810"", ""Project_Type"": ""Residential"", ""Region"": ""Northeast"", ""SPI_Snapshot"": ""0.8173"", ""Safety_Incident_Rate_to_Date"": ""0.544"", ""Schedule_Variance_Days_Snapshot"": ""13"", ""Snapshot_Data_Completeness_Pct"": ""0.9827"", ""Snapshot_Date"": ""2021-10-03"", ""Snapshot_Year"": ""2021"", ""Start_Date"": ""2021-05-03"", ""State"": ""CT"", ""Weather_Impact_Days_to_Date"": ""15""}"
Q-0101,projects_clean_candidate,PRJ3-01180,Missing valid one-to-one workflow or outcome row,"{""Actual_Percent_Complete"": ""0.41"", ""CPI_Snapshot"": ""0.8064"", ""Client_Type"": ""Private"", ""Complexity_Level"": ""High"", ""Contract_Type"": ""Lump Sum"", ""Cost_Variance_Pct_Snapshot"": ""0.088"", ""Delivery_Method"": ""Design-Bid-Build"", ""Digital_Coordination_Level"": ""Low"", ""Labor_Productivity_Index"": ""0.8243"", ""Original_Budget"": ""105388700"", ""Owner_Decision_Profile"": ""Slow"", ""Planned_Duration_Days"": ""1173"", ""Planned_Percent_Complete"": ""0.482"", ""Procurement_Delay_Days_to_Date"": ""21"", ""Project_ID"": ""PRJ3-01180"", ""Project_Name"": ""Northstar Bridge Program 1180"", ""Project_Type"": ""Heavy Civil"", ""Region"": ""Mountain"", ""SPI_Snapshot"": ""0.8771"", ""Safety_Incident_Rate_to_Date"": ""0.855"", ""Schedule_Variance_Days_Snapshot"": ""84"", ""Snapshot_Data_Completeness_Pct"": ""0.9594"", ""Snapshot_Date"": ""2024-05-23"", ""Snapshot_Year"": ""2024"", ""Start_Date"": ""2022-11-05"", ""State"": ""UT"", ""Weather_Impact_Days_to_Date"": ""8""}"
Q-0102,projects_clean_candidate,PRJ3-01334,Missing valid one-to-one workflow or outcome row,"{""Actual_Percent_Complete"": ""0.5229"", ""CPI_Snapshot"": ""1.0459"", ""Client_Type"": ""Public-Private Partnership"", ""Complexity_Level"": ""High"", ""Contract_Type"": ""Cost Plus"", ""Cost_Variance_Pct_Snapshot"": ""-0.0232"", ""Delivery_Method"": ""CMAR"", ""Digital_Coordination_Level"": ""High"", ""Labor_Productivity_Index"": ""0.9879"", ""Original_Budget"": ""97608200"", ""Owner_Decision_Profile"": ""Standard"", ""Planned_Duration_Days"": ""758"", ""Planned_Percent_Complete"": ""0.515"", ""Procurement_Delay_Days_to_Date"": ""25"", ""Project_ID"": ""PRJ3-01334"", ""Project_Name"": ""Liberty Medical Center 1334"", ""Project_Type"": ""Institutional"", ""Region"": ""Midwest"", ""SPI_Snapshot"": ""1.0004"", ""Safety_Incident_Rate_to_Date"": ""0.58"", ""Schedule_Variance_Days_Snapshot"": ""-6"", ""Snapshot_Data_Completeness_Pct"": ""0.9901"", ""Snapshot_Date"": ""2023-12-14"", ""Snapshot_Year"": ""2023"", ""Start_Date"": ""2022-11-19"", ""State"": ""OH"", ""Weather_Impact_Days_to_Date"": ""19""}"
Q-0103,projects_clean_candidate,PRJ3-01481,Missing valid one-to-one workflow or outcome row,"{""Actual_Percent_Complete"": ""0.4681"", ""CPI_Snapshot"": ""1.1033"", ""Client_Type"": ""Private"", ""Complexity_Level"": ""Moderate"", ""Contract_Type"": ""Guaranteed Maximum Price"", ""Cost_Variance_Pct_Snapshot"": ""-0.0365"", ""Delivery_Method"": ""Design-Bid-Build"", ""Digital_Coordination_Level"": ""High"", ""Labor_Productivity_Index"": ""1.0032"", ""Original_Budget"": ""91333400"", ""Owner_Decision_Profile"": ""Standard"", ""Planned_Duration_Days"": ""546"", ""Planned_Percent_Complete"": ""0.517"", ""Procurement_Delay_Days_to_Date"": ""8"", ""Project_ID"": ""PRJ3-01481"", ""Project_Name"": ""Northstar Office Campus 1481"", ""Project_Type"": ""Commercial"", ""Region"": ""Mountain"", ""SPI_Snapshot"": ""0.9479"", ""Safety_Incident_Rate_to_Date"": ""0.849"", ""Schedule_Variance_Days_Snapshot"": ""27"", ""Snapshot_Data_Completeness_Pct"": ""0.9618"", ""Snapshot_Date"": ""2021-06-28"", ""Snapshot_Year"": ""2021"", ""Start_Date"": ""2020-09-19"", ""State"": ""CO"", ""Weather_Impact_Days_to_Date"": ""0""}"
Q-0104,projects_clean_candidate,PRJ3-01812,Missing valid one-to-one workflow or outcome row,"{""Actual_Percent_Complete"": ""0.3689"", ""CPI_Snapshot"": ""0.8918"", ""Client_Type"": ""Private"", ""Complexity_Level"": ""Very High"", ""Contract_Type"": ""Guaranteed Maximum Price"", ""Cost_Variance_Pct_Snapshot"": ""0.0686"", ""Delivery_Method"": ""Design-Build"", ""Digital_Coordination_Level"": ""Low"", ""Labor_Productivity_Index"": ""0.8424"", ""Original_Budget"": ""118721800"", ""Owner_Decision_Profile"": ""Fast"", ""Planned_Duration_Days"": ""1110"", ""Planned_Percent_Complete"": ""0.405"", ""Procurement_Delay_Days_to_Date"": ""23"", ""Project_ID"": ""PRJ3-01812"", ""Project_Name"": ""Copper District 1812"", ""Project_Type"": ""Mixed-Use"", ""Region"": ""Southeast"", ""SPI_Snapshot"": ""0.9522"", ""Safety_Incident_Rate_to_Date"": ""0.528"", ""Schedule_Variance_Days_Snapshot"": ""40"", ""Snapshot_Data_Completeness_Pct"": ""0.9681"", ""Snapshot_Date"": ""2025-08-05"", ""Snapshot_Year"": ""2025"", ""Start_Date"": ""2024-05-13"", ""State"": ""NC"", ""Weather_Impact_Days_to_Date"": ""14""}"
Q-0105,projects_clean_candidate,PRJ3-02011,Missing valid one-to-one workflow or outcome row,"{""Actual_Percent_Complete"": ""0.4726"", ""CPI_Snapshot"": ""0.9919"", ""Client_Type"": ""Public"", ""Complexity_Level"": ""Moderate"", ""Contract_Type"": ""Lump Sum"", ""Cost_Variance_Pct_Snapshot"": ""0.0172"", ""Delivery_Method"": ""Design-Build"", ""Digital_Coordination_Level"": ""Low"", ""Labor_Productivity_Index"": ""0.9774"", ""Original_Budget"": ""27881000"", ""Owner_Decision_Profile"": ""Slow"", ""Planned_Duration_Days"": ""527"", ""Planned_Percent_Complete"": ""0.544"", ""Procurement_Delay_Days_to_Date"": ""19"", ""Project_ID"": ""PRJ3-02011"", ""Project_Name"": ""Pioneer Neighborhood 2011"", ""Project_Type"": ""Residential"", ""Region"": ""Southwest"", ""SPI_Snapshot"": ""0.8902"", ""Safety_Incident_Rate_to_Date"": ""0.692"", ""Schedule_Variance_Days_Snapshot"": ""38"", ""Snapshot_Data_Completeness_Pct"": ""0.947"", ""Snapshot_Date"": ""2021-08-17"", ""Snapshot_Year"": ""2021"", ""Start_Date"": ""2020-11-04"", ""State"": ""TX"", ""Weather_Impact_Days_to_Date"": ""13""}"
Q-0106,projects_clean_candidate,PRJ3-02205,Missing valid one-to-one workflow or outcome row,"{""Actual_Percent_Complete"": ""0.4516"", ""CPI_Snapshot"": ""0.9852"", ""Client_Type"": ""Private"", ""Complexity_Level"": ""Low"", ""Contract_Type"": ""Guaranteed Maximum Price"", ""Cost_Variance_Pct_Snapshot"": ""0.0037"", ""Delivery_Method"": ""Design-Build"", ""Digital_Coordination_Level"": ""High"", ""Labor_Productivity_Index"": ""1.0316"", ""Original_Budget"": ""47284300"", ""Owner_Decision_Profile"": ""Slow"", ""Planned_Duration_Days"": ""548"", ""Planned_Percent_Complete"": ""0.435"", ""Procurement_Delay_Days_to_Date"": ""4"", ""Project_ID"": ""PRJ3-02205"", ""Project_Name"": ""Summit Residences 2205"", ""Project_Type"": ""Residential"", ""Region"": ""Northeast"", ""SPI_Snapshot"": ""1.0923"", ""Safety_Incident_Rate_to_Date"": ""0.588"", ""Schedule_Variance_Days_Snapshot"": ""-9"", ""Snapshot_Data_Completeness_Pct"": ""0.9745"", ""Snapshot_Date"": ""2020-12-09"", ""Snapshot_Year"": ""2020"", ""Start_Date"": ""2020-04-15"", ""State"": ""NY"", ""Weather_Impact_Days_to_Date"": ""17""}"
Q-0107,projects_clean_candidate,PRJ3-02307,Missing valid one-to-one workflow or outcome row,"{""Actual_Percent_Complete"": ""0.3921"", ""CPI_Snapshot"": ""1.0124"", ""Client_Type"": ""Public"", ""Complexity_Level"": ""Moderate"", ""Contract_Type"": ""Lump Sum"", ""Cost_Variance_Pct_Snapshot"": ""0.003"", ""Delivery_Method"": ""CMAR"", ""Digital_Coordination_Level"": ""Moderate"", ""Labor_Productivity_Index"": ""0.9184"", ""Original_Budget"": ""297311200"", ""Owner_Decision_Profile"": ""Standard"", ""Planned_Duration_Days"": ""846"", ""Planned_Percent_Complete"": ""0.423"", ""Procurement_Delay_Days_to_Date"": ""15"", ""Project_ID"": ""PRJ3-02307"", ""Project_Name"": ""Riverside Transit-Oriented Development 2307"", ""Project_Type"": ""Mixed-Use"", ""Region"": ""Mountain"", ""SPI_Snapshot"": ""0.9343"", ""Safety_Incident_Rate_to_Date"": ""0.027"", ""Schedule_Variance_Days_Snapshot"": ""26"", ""Snapshot_Data_Completeness_Pct"": ""0.9654"", ""Snapshot_Date"": ""2022-09-05"", ""Snapshot_Year"": ""2022"", ""Start_Date"": ""2021-09-13"", ""State"": ""ID"", ""Weather_Impact_Days_to_Date"": ""15""}"
Q-0108,outcomes_clean_candidate,PRJ3-00010,Missing valid one-to-one project or workflow row,"{""Actual_End_Date"": ""2022-01-25"", ""Combined_Overrun_Flag"": ""0"", ""Cost_Overrun_Flag"": ""0"", ""Final_CPI"": ""0.919"", ""Final_Cost_Overrun_Pct"": ""0.0882"", ""Final_EAC"": ""233548800"", ""Final_SPI"": ""0.9741"", ""Final_Schedule_Delay_Days"": ""24"", ""Final_Status"": ""Complete"", ""Project_ID"": ""PRJ3-00010"", ""Schedule_Delay_Flag"": ""0""}"
Q-0109,outcomes_clean_candidate,PRJ3-00514,Missing valid one-to-one project or workflow row,"{""Actual_End_Date"": ""2020-07-12"", ""Combined_Overrun_Flag"": ""0"", ""Cost_Overrun_Flag"": ""0"", ""Final_CPI"": ""0.9354"", ""Final_Cost_Overrun_Pct"": ""0.0691"", ""Final_EAC"": ""277382300"", ""Final_SPI"": ""0.9906"", ""Final_Schedule_Delay_Days"": ""8"", ""Final_Status"": ""Complete"", ""Project_ID"": ""PRJ3-00514"", ""Schedule_Delay_Flag"": ""0""}"
Q-0110,outcomes_clean_candidate,PRJ3-00518,Missing valid one-to-one project or workflow row,"{""Actual_End_Date"": ""2021-12-16"", ""Combined_Overrun_Flag"": ""1"", ""Cost_Overrun_Flag"": ""0"", ""Final_CPI"": ""1.0005"", ""Final_Cost_Overrun_Pct"": ""-0.0005"", ""Final_EAC"": ""15119800"", ""Final_SPI"": ""0.9152"", ""Final_Schedule_Delay_Days"": ""54"", ""Final_Status"": ""Complete"", ""Project_ID"": ""PRJ3-00518"", ""Schedule_Delay_Flag"": ""1""}"
Q-0111,outcomes_clean_candidate,PRJ3-00525,Missing valid one-to-one project or workflow row,"{""Actual_End_Date"": ""2022-03-30"", ""Combined_Overrun_Flag"": ""0"", ""Cost_Overrun_Flag"": ""0"", ""Final_CPI"": ""0.9353"", ""Final_Cost_Overrun_Pct"": ""0.0692"", ""Final_EAC"": ""67955500"", ""Final_SPI"": ""1.0643"", ""Final_Schedule_Delay_Days"": ""-20"", ""Final_Status"": ""Complete"", ""Project_ID"": ""PRJ3-00525"", ""Schedule_Delay_Flag"": ""0""}"
Q-0112,outcomes_clean_candidate,PRJ3-00551,Missing valid one-to-one project or workflow row,"{""Actual_End_Date"": ""2021-06-12"", ""Combined_Overrun_Flag"": ""0"", ""Cost_Overrun_Flag"": ""0"", ""Final_CPI"": ""0.963"", ""Final_Cost_Overrun_Pct"": ""0.0384"", ""Final_EAC"": ""56156100"", ""Final_SPI"": ""0.9746"", ""Final_Schedule_Delay_Days"": ""18"", ""Final_Status"": ""Complete"", ""Project_ID"": ""PRJ3-00551"", ""Schedule_Delay_Flag"": ""0""}"
Q-0113,outcomes_clean_candidate,PRJ3-00671,Missing valid one-to-one project or workflow row,"{""Actual_End_Date"": ""2021-12-18"", ""Combined_Overrun_Flag"": ""0"", ""Cost_Overrun_Flag"": ""0"", ""Final_CPI"": ""0.9235"", ""Final_Cost_Overrun_Pct"": ""0.0828"", ""Final_EAC"": ""544871100"", ""Final_SPI"": ""0.9937"", ""Final_Schedule_Delay_Days"": ""8"", ""Final_Status"": ""Complete"", ""Project_ID"": ""PRJ3-00671"", ""Schedule_Delay_Flag"": ""0""}"
Q-0114,outcomes_clean_candidate,PRJ3-00732,Missing valid one-to-one project or workflow row,"{""Actual_End_Date"": ""2025-09-10"", ""Combined_Overrun_Flag"": ""1"", ""Cost_Overrun_Flag"": ""1"", ""Final_CPI"": ""0.8752"", ""Final_Cost_Overrun_Pct"": ""0.1426"", ""Final_EAC"": ""271672200"", ""Final_SPI"": ""0.9694"", ""Final_Schedule_Delay_Days"": ""27"", ""Final_Status"": ""Complete"", ""Project_ID"": ""PRJ3-00732"", ""Schedule_Delay_Flag"": ""0""}"
Q-0115,outcomes_clean_candidate,PRJ3-00747,Missing valid one-to-one project or workflow row,"{""Actual_End_Date"": ""2023-12-25"", ""Combined_Overrun_Flag"": ""0"", ""Cost_Overrun_Flag"": ""0"", ""Final_CPI"": ""0.9879"", ""Final_Cost_Overrun_Pct"": ""0.0123"", ""Final_EAC"": ""319121600"", ""Final_SPI"": ""0.9751"", ""Final_Schedule_Delay_Days"": ""27"", ""Final_Status"": ""Complete"", ""Project_ID"": ""PRJ3-00747"", ""Schedule_Delay_Flag"": ""0""}"
Q-0116,outcomes_clean_candidate,PRJ3-00810,Missing valid one-to-one project or workflow row,"{""Actual_End_Date"": ""2022-05-16"", ""Combined_Overrun_Flag"": ""0"", ""Cost_Overrun_Flag"": ""0"", ""Final_CPI"": ""0.9238"", ""Final_Cost_Overrun_Pct"": ""0.0825"", ""Final_EAC"": ""94935800"", ""Final_SPI"": ""0.9365"", ""Final_Schedule_Delay_Days"": ""24"", ""Final_Status"": ""Complete"", ""Project_ID"": ""PRJ3-00810"", ""Schedule_Delay_Flag"": ""0""}"
Q-0117,outcomes_clean_candidate,PRJ3-01180,Missing valid one-to-one project or workflow row,"{""Actual_End_Date"": ""2026-03-24"", ""Combined_Overrun_Flag"": ""1"", ""Cost_Overrun_Flag"": ""1"", ""Final_CPI"": ""0.8943"", ""Final_Cost_Overrun_Pct"": ""0.1182"", ""Final_EAC"": ""117842200"", ""Final_SPI"": ""0.9498"", ""Final_Schedule_Delay_Days"": ""62"", ""Final_Status"": ""Complete"", ""Project_ID"": ""PRJ3-01180"", ""Schedule_Delay_Flag"": ""1""}"
Q-0118,outcomes_clean_candidate,PRJ3-01334,Missing valid one-to-one project or workflow row,"{""Actual_End_Date"": ""2025-01-08"", ""Combined_Overrun_Flag"": ""0"", ""Cost_Overrun_Flag"": ""0"", ""Final_CPI"": ""0.9765"", ""Final_Cost_Overrun_Pct"": ""0.0241"", ""Final_EAC"": ""99961400"", ""Final_SPI"": ""0.9706"", ""Final_Schedule_Delay_Days"": ""23"", ""Final_Status"": ""Complete"", ""Project_ID"": ""PRJ3-01334"", ""Schedule_Delay_Flag"": ""0""}"
Q-0119,outcomes_clean_candidate,PRJ3-01481,Missing valid one-to-one project or workflow row,"{""Actual_End_Date"": ""2022-03-08"", ""Combined_Overrun_Flag"": ""0"", ""Cost_Overrun_Flag"": ""0"", ""Final_CPI"": ""0.9752"", ""Final_Cost_Overrun_Pct"": ""0.0254"", ""Final_EAC"": ""93653000"", ""Final_SPI"": ""1.0206"", ""Final_Schedule_Delay_Days"": ""-11"", ""Final_Status"": ""Complete"", ""Project_ID"": ""PRJ3-01481"", ""Schedule_Delay_Flag"": ""0""}"
Q-0120,outcomes_clean_candidate,PRJ3-01812,Missing valid one-to-one project or workflow row,"{""Actual_End_Date"": ""2027-06-10"", ""Combined_Overrun_Flag"": ""0"", ""Cost_Overrun_Flag"": ""0"", ""Final_CPI"": ""0.9107"", ""Final_Cost_Overrun_Pct"": ""0.0981"", ""Final_EAC"": ""130365200"", ""Final_SPI"": ""0.9884"", ""Final_Schedule_Delay_Days"": ""13"", ""Final_Status"": ""Complete"", ""Project_ID"": ""PRJ3-01812"", ""Schedule_Delay_Flag"": ""0""}"
Q-0121,outcomes_clean_candidate,PRJ3-02011,Missing valid one-to-one project or workflow row,"{""Actual_End_Date"": ""2022-04-22"", ""Combined_Overrun_Flag"": ""0"", ""Cost_Overrun_Flag"": ""0"", ""Final_CPI"": ""0.9565"", ""Final_Cost_Overrun_Pct"": ""0.0455"", ""Final_EAC"": ""29148600"", ""Final_SPI"": ""0.9869"", ""Final_Schedule_Delay_Days"": ""7"", ""Final_Status"": ""Complete"", ""Project_ID"": ""PRJ3-02011"", ""Schedule_Delay_Flag"": ""0""}"
Q-0122,outcomes_clean_candidate,PRJ3-02205,Missing valid one-to-one project or workflow row,"{""Actual_End_Date"": ""2021-10-09"", ""Combined_Overrun_Flag"": ""0"", ""Cost_Overrun_Flag"": ""0"", ""Final_CPI"": ""1.0159"", ""Final_Cost_Overrun_Pct"": ""-0.0156"", ""Final_EAC"": ""46545200"", ""Final_SPI"": ""1.0111"", ""Final_Schedule_Delay_Days"": ""-6"", ""Final_Status"": ""Complete"", ""Project_ID"": ""PRJ3-02205"", ""Schedule_Delay_Flag"": ""0""}"
Q-0123,outcomes_clean_candidate,PRJ3-02307,Missing valid one-to-one project or workflow row,"{""Actual_End_Date"": ""2023-12-30"", ""Combined_Overrun_Flag"": ""0"", ""Cost_Overrun_Flag"": ""0"", ""Final_CPI"": ""0.9488"", ""Final_Cost_Overrun_Pct"": ""0.0539"", ""Final_EAC"": ""313344600"", ""Final_SPI"": ""1.0095"", ""Final_Schedule_Delay_Days"": ""-8"", ""Final_Status"": ""Complete"", ""Project_ID"": ""PRJ3-02307"", ""Schedule_Delay_Flag"": ""0""}"
